序号,导演姓名,性别,活跃地区,代表作品,上映年份,作品类型,故事发生时代,故事发生地区,第一主演性别,番位分类,番位判定依据,资料来源/判断依据,来源链接,选择理由
1,张艺谋,男,大陆,幸福时光,2000,剧情/喜剧,当代/1990年代末,中国东北城市/片中未明示,男性,第一番位为男性,公开主演表/剧情简介补判为男性第一主角,公开剧情简介、原表来源链接；原表来源：https://movie.douban.com/subject_search?search_text=%E5%B9%B8%E7%A6%8F%E6%97%B6%E5%85%89%20%E5%BC%A0%E8%89%BA%E8%B0%8B,https://movie.douban.com/subject_search?search_text=%E5%B9%B8%E7%A6%8F%E6%97%B6%E5%85%89%20%E5%BC%A0%E8%89%BA%E8%B0%8B,第五代导演2000年后现实题材代表
2,张艺谋,男,大陆,英雄,2002,武侠/动作/历史,战国末期,秦国、赵国等七国空间,男性,第一番位为男性,公开主演表/剧情简介补判为男性第一主角,公开剧情简介、百科/影评资料、原表来源链接；原表来源：https://movie.douban.com/subject_search?search_text=%E8%8B%B1%E9%9B%84%20%E5%BC%A0%E8%89%BA%E8%B0%8B,https://movie.douban.com/subject_search?search_text=%E8%8B%B1%E9%9B%84%20%E5%BC%A0%E8%89%BA%E8%B0%8B,新世纪华语大片工业代表
3,张艺谋,男,大陆,十面埋伏,2004,武侠/爱情/动作,唐代大中年间/公元859年前后,中国北方州县与飞刀门活动地,男性,第一番位为男性,公开主演表/剧情简介补判为男性第一主角,公开剧情简介、原表来源链接；原表来源：https://movie.douban.com/subject_search?search_text=%E5%8D%81%E9%9D%A2%E5%9F%8B%E4%BC%8F%20%E5%BC%A0%E8%89%BA%E8%B0%8B,https://movie.douban.com/subject_search?search_text=%E5%8D%81%E9%9D%A2%E5%9F%8B%E4%BC%8F%20%E5%BC%A0%E8%89%BA%E8%B0%8B,商业武侠大片代表
4,张艺谋,男,大陆,满城尽带黄金甲,2006,古装/剧情,五代十国/后唐宫廷寓言,古代宫廷/王城,男性,第一番位为男性,公开主演表/剧情简介补判为男性第一主角,公开剧情简介、原表来源链接；原表来源：https://movie.douban.com/subject_search?search_text=%E6%BB%A1%E5%9F%8E%E5%B0%BD%E5%B8%A6%E9%BB%84%E9%87%91%E7%94%B2%20%E5%BC%A0%E8%89%BA%E8%B0%8B,https://movie.douban.com/subject_search?search_text=%E6%BB%A1%E5%9F%8E%E5%B0%BD%E5%B8%A6%E9%BB%84%E9%87%91%E7%94%B2%20%E5%BC%A0%E8%89%BA%E8%B0%8B,古装宫廷大片代表
5,张艺谋,男,大陆,山楂树之恋,2010,爱情/剧情,20世纪70年代/文革后期,湖北宜昌西坪村一带,女性,第一番位为女性,公开主演表/剧情简介补判为女性第一主角,公开剧情简介、原表来源链接；原表来源：https://movie.douban.com/subject_search?search_text=%E5%B1%B1%E6%A5%82%E6%A0%91%E4%B9%8B%E6%81%8B%20%E5%BC%A0%E8%89%BA%E8%B0%8B,https://movie.douban.com/subject_search?search_text=%E5%B1%B1%E6%A5%82%E6%A0%91%E4%B9%8B%E6%81%8B%20%E5%BC%A0%E8%89%BA%E8%B0%8B,怀旧爱情片代表
6,张艺谋,男,大陆,金陵十三钗,2011,战争/历史/剧情,1937年南京大屠杀时期,江苏南京/教堂,男性,第一番位为男性,公开主演表/剧情简介补判为男性第一主角,公开剧情简介、原表来源链接；原表来源：https://movie.douban.com/subject_search?search_text=%E9%87%91%E9%99%B5%E5%8D%81%E4%B8%89%E9%92%97%20%E5%BC%A0%E8%89%BA%E8%B0%8B,https://movie.douban.com/subject_search?search_text=%E9%87%91%E9%99%B5%E5%8D%81%E4%B8%89%E9%92%97%20%E5%BC%A0%E8%89%BA%E8%B0%8B,战争历史题材代表
7,张艺谋,男,大陆,归来,2014,剧情/历史,20世纪70年代至90年代,中国城市/家庭与文革记忆空间,男性,第一番位为男性,公开主演表/剧情简介补判为男性第一主角,公开剧情简介、原表来源链接；原表来源：https://movie.douban.com/subject_search?search_text=%E5%BD%92%E6%9D%A5%20%E5%BC%A0%E8%89%BA%E8%B0%8B,https://movie.douban.com/subject_search?search_text=%E5%BD%92%E6%9D%A5%20%E5%BC%A0%E8%89%BA%E8%B0%8B,文革记忆与家庭伦理代表
8,张艺谋,男,大陆,影,2018,武侠/古装/动作,架空古代/战国式权谋空间,沛国、境州等虚构古国,男性,第一番位为男性,公开主演表/剧情简介补判为男性第一主角,公开剧情简介、原表来源链接；原表来源：https://movie.douban.com/subject_search?search_text=%E5%BD%B1%20%E5%BC%A0%E8%89%BA%E8%B0%8B,https://movie.douban.com/subject_search?search_text=%E5%BD%B1%20%E5%BC%A0%E8%89%BA%E8%B0%8B,水墨美学商业片代表
9,张艺谋,男,大陆,一秒钟,2020,剧情/历史,文革时期,中国西北戈壁/电影放映队,男性,第一番位为男性,公开主演表/剧情简介补判为男性第一主角,公开剧情简介、原表来源链接；原表来源：https://movie.douban.com/subject_search?search_text=%E4%B8%80%E7%A7%92%E9%92%9F%20%E5%BC%A0%E8%89%BA%E8%B0%8B,https://movie.douban.com/subject_search?search_text=%E4%B8%80%E7%A7%92%E9%92%9F%20%E5%BC%A0%E8%89%BA%E8%B0%8B,电影记忆题材代表
10,张艺谋,男,大陆,悬崖之上,2021,谍战/剧情/动作,20世纪30年代/伪满洲国时期,哈尔滨,男性,第一番位为男性,公开主演表/剧情简介补判为男性第一主角,公开剧情简介、原表来源链接；原表来源：https://movie.douban.com/subject_search?search_text=%E6%82%AC%E5%B4%96%E4%B9%8B%E4%B8%8A%20%E5%BC%A0%E8%89%BA%E8%B0%8B,https://movie.douban.com/subject_search?search_text=%E6%82%AC%E5%B4%96%E4%B9%8B%E4%B8%8A%20%E5%BC%A0%E8%89%BA%E8%B0%8B,新主流谍战片代表
11,张艺谋,男,大陆,狙击手,2022,战争/历史,1952年冬/抗美援朝时期,朝鲜战场,男性,第一番位为男性,公开主演表/剧情简介补判为男性第一主角,公开剧情简介、原表来源链接；原表来源：https://movie.douban.com/subject_search?search_text=%E7%8B%99%E5%87%BB%E6%89%8B%20%E5%BC%A0%E8%89%BA%E8%B0%8B,https://movie.douban.com/subject_search?search_text=%E7%8B%99%E5%87%BB%E6%89%8B%20%E5%BC%A0%E8%89%BA%E8%B0%8B,抗美援朝战争片代表
12,张艺谋,男,大陆,满江红,2023,悬疑/喜剧/古装,南宋绍兴年间/岳飞遇害后,临安/秦桧府邸,男性,第一番位为男性,公开主演表/剧情简介补判为男性第一主角,公开剧情简介、原表来源链接；原表来源：https://movie.douban.com/subject_search?search_text=%E6%BB%A1%E6%B1%9F%E7%BA%A2%20%E5%BC%A0%E8%89%BA%E8%B0%8B,https://movie.douban.com/subject_search?search_text=%E6%BB%A1%E6%B1%9F%E7%BA%A2%20%E5%BC%A0%E8%89%BA%E8%B0%8B,高票房古装悬疑商业片代表
13,张艺谋,男,大陆,第二十条,2024,剧情/喜剧/法治题材,当代,中国城市/检察与司法空间,男性,第一番位为男性,公开主演表/剧情简介补判为男性第一主角,公开剧情简介、原表来源链接；原表来源：https://movie.douban.com/subject_search?search_text=%E7%AC%AC%E4%BA%8C%E5%8D%81%E6%9D%A1%20%E5%BC%A0%E8%89%BA%E8%B0%8B,https://movie.douban.com/subject_search?search_text=%E7%AC%AC%E4%BA%8C%E5%8D%81%E6%9D%A1%20%E5%BC%A0%E8%89%BA%E8%B0%8B,现实法治题材代表
14,张艺谋,男,大陆,惊蛰无声,2026,悬疑/剧情,2026年新片/故事时代未明,片中地区公开资料未明,男性,第一番位为男性,公开主演表/剧情简介补判为男性第一主角,Wikidata/公开片单、原表来源链接；原表来源：https://movie.douban.com/subject_search?search_text=%E6%83%8A%E8%9B%B0%E6%97%A0%E5%A3%B0%20%E5%BC%A0%E8%89%BA%E8%B0%8B,https://movie.douban.com/subject_search?search_text=%E6%83%8A%E8%9B%B0%E6%97%A0%E5%A3%B0%20%E5%BC%A0%E8%89%BA%E8%B0%8B,2026年新片样本，补足时间段覆盖
15,陈凯歌,男,大陆,和你在一起,2002,剧情/音乐,当代,北京,男性,第一番位为男性,公开主演表/剧情简介补判为男性第一主角,公开剧情简介、原表来源链接；原表来源：https://movie.douban.com/subject_search?search_text=%E5%92%8C%E4%BD%A0%E5%9C%A8%E4%B8%80%E8%B5%B7%20%E9%99%88%E5%87%AF%E6%AD%8C,https://movie.douban.com/subject_search?search_text=%E5%92%8C%E4%BD%A0%E5%9C%A8%E4%B8%80%E8%B5%B7%20%E9%99%88%E5%87%AF%E6%AD%8C,现实亲情与音乐题材代表
16,陈凯歌,男,大陆,无极,2005,奇幻/动作/剧情,架空神话/奇幻时代,无极世界/虚构王国,男性,第一番位为男性,公开主演表/剧情简介补判为男性第一主角,公开剧情简介、原表来源链接；原表来源：https://movie.douban.com/subject_search?search_text=%E6%97%A0%E6%9E%81%20%E9%99%88%E5%87%AF%E6%AD%8C,https://movie.douban.com/subject_search?search_text=%E6%97%A0%E6%9E%81%20%E9%99%88%E5%87%AF%E6%AD%8C,新世纪奇幻大片代表
17,陈凯歌,男,大陆,梅兰芳,2008,传记/历史/剧情,20世纪初至40年代,北京、上海等京剧活动空间,男性,第一番位为男性,公开主演表/剧情简介补判为男性第一主角,公开剧情简介、原表来源链接；原表来源：https://movie.douban.com/subject_search?search_text=%E6%A2%85%E5%85%B0%E8%8A%B3%20%E9%99%88%E5%87%AF%E6%AD%8C,https://movie.douban.com/subject_search?search_text=%E6%A2%85%E5%85%B0%E8%8A%B3%20%E9%99%88%E5%87%AF%E6%AD%8C,人物传记片代表
18,陈凯歌,男,大陆,搜索,2012,剧情/社会议题,当代,中国都市/网络舆论与医院空间,女性,第一番位为女性,公开主演表/剧情简介补判为女性第一主角,公开剧情简介、原表来源链接；原表来源：https://movie.douban.com/subject_search?search_text=%E6%90%9C%E7%B4%A2%20%E9%99%88%E5%87%AF%E6%AD%8C,https://movie.douban.com/subject_search?search_text=%E6%90%9C%E7%B4%A2%20%E9%99%88%E5%87%AF%E6%AD%8C,网络舆论现实题材代表
19,陈凯歌,男,大陆,道士下山,2015,奇幻/动作/喜剧,民国初年/江湖寓言,中国山寺与江湖城市空间,男性,第一番位为男性,公开主演表/剧情简介补判为男性第一主角,公开剧情简介、原表来源链接；原表来源：https://movie.douban.com/subject_search?search_text=%E9%81%93%E5%A3%AB%E4%B8%8B%E5%B1%B1%20%E9%99%88%E5%87%AF%E6%AD%8C,https://movie.douban.com/subject_search?search_text=%E9%81%93%E5%A3%AB%E4%B8%8B%E5%B1%B1%20%E9%99%88%E5%87%AF%E6%AD%8C,武侠奇幻商业片代表
20,陈凯歌,男,大陆,妖猫传,2017,奇幻/悬疑/古装,唐代天宝年间,长安,男性,第一番位为男性,公开主演表/剧情简介补判为男性第一主角,公开剧情简介、原表来源链接；原表来源：https://movie.douban.com/subject_search?search_text=%E5%A6%96%E7%8C%AB%E4%BC%A0%20%E9%99%88%E5%87%AF%E6%AD%8C,https://movie.douban.com/subject_search?search_text=%E5%A6%96%E7%8C%AB%E4%BC%A0%20%E9%99%88%E5%87%AF%E6%AD%8C,唐代奇幻美术工业代表
21,陈凯歌,男,大陆,我和我的祖国,2019,剧情/历史/拼盘片,1949-2015多个历史节点,中国多地,不适用,双主角/群像,剧情简介显示为双主角、多线叙事、系列群像或拼盘结构,公开剧情简介、原表来源链接；原表来源：https://movie.douban.com/subject_search?search_text=%E6%88%91%E5%92%8C%E6%88%91%E7%9A%84%E7%A5%96%E5%9B%BD%20%E9%99%88%E5%87%AF%E6%AD%8C,https://movie.douban.com/subject_search?search_text=%E6%88%91%E5%92%8C%E6%88%91%E7%9A%84%E7%A5%96%E5%9B%BD%20%E9%99%88%E5%87%AF%E6%AD%8C,国庆献礼拼盘电影代表
22,陈凯歌,男,大陆,长津湖,2021,战争/历史/剧情,1950年/抗美援朝时期,朝鲜长津湖地区,不适用,双主角/群像,剧情简介显示为双主角、多线叙事、系列群像或拼盘结构,公开剧情简介、原表来源链接；原表来源：https://movie.douban.com/subject_search?search_text=%E9%95%BF%E6%B4%A5%E6%B9%96%20%E9%99%88%E5%87%AF%E6%AD%8C,https://movie.douban.com/subject_search?search_text=%E9%95%BF%E6%B4%A5%E6%B9%96%20%E9%99%88%E5%87%AF%E6%AD%8C,新主流战争大片代表
23,陈凯歌,男,大陆,志愿军：雄兵出击,2023,战争/历史,1950-1951年/抗美援朝初期,中国东北、朝鲜战场,不适用,双主角/群像,剧情简介显示为双主角、多线叙事、系列群像或拼盘结构,公开剧情简介、原表来源链接；原表来源：http://www.wikidata.org/entity/Q121725484,http://www.wikidata.org/entity/Q121725484,战争系列大片代表
24,冯小刚,男,大陆,大腕,2001,喜剧/讽刺,当代,北京,不适用,双主角/群像,剧情简介显示为双主角、多线叙事、系列群像或拼盘结构,公开剧情简介、原表来源链接；原表来源：https://movie.douban.com/subject_search?search_text=%E5%A4%A7%E8%85%95%20%E5%86%AF%E5%B0%8F%E5%88%9A,https://movie.douban.com/subject_search?search_text=%E5%A4%A7%E8%85%95%20%E5%86%AF%E5%B0%8F%E5%88%9A,贺岁喜剧与商业喜剧代表
25,冯小刚,男,大陆,手机,2003,剧情/喜剧,当代,北京,男性,第一番位为男性,公开主演表/剧情简介补判为男性第一主角,公开剧情简介、原表来源链接；原表来源：https://movie.douban.com/subject_search?search_text=%E6%89%8B%E6%9C%BA%20%E5%86%AF%E5%B0%8F%E5%88%9A,https://movie.douban.com/subject_search?search_text=%E6%89%8B%E6%9C%BA%20%E5%86%AF%E5%B0%8F%E5%88%9A,都市伦理与媒介题材代表
26,冯小刚,男,大陆,天下无贼,2004,剧情/犯罪/动作,当代,中国内地列车与旅途空间,不适用,双主角/群像,剧情简介显示为双主角、多线叙事、系列群像或拼盘结构,公开剧情简介、原表来源链接；原表来源：https://movie.douban.com/subject_search?search_text=%E5%A4%A9%E4%B8%8B%E6%97%A0%E8%B4%BC%20%E5%86%AF%E5%B0%8F%E5%88%9A,https://movie.douban.com/subject_search?search_text=%E5%A4%A9%E4%B8%8B%E6%97%A0%E8%B4%BC%20%E5%86%AF%E5%B0%8F%E5%88%9A,商业类型片代表
27,冯小刚,男,大陆,夜宴,2006,古装/剧情/动作,架空古代/王朝宫廷,古代王国宫廷,男性,第一番位为男性,公开主演表/剧情简介补判为男性第一主角,公开剧情简介、原表来源链接；原表来源：https://movie.douban.com/subject_search?search_text=%E5%A4%9C%E5%AE%B4%20%E5%86%AF%E5%B0%8F%E5%88%9A,https://movie.douban.com/subject_search?search_text=%E5%A4%9C%E5%AE%B4%20%E5%86%AF%E5%B0%8F%E5%88%9A,古装商业片代表
28,冯小刚,男,大陆,集结号,2007,战争/剧情/历史,1948年前后/解放战争时期,华东战场/中国北方战地,男性,第一番位为男性,公开主演表/剧情简介补判为男性第一主角,公开剧情简介、原表来源链接；原表来源：https://movie.douban.com/subject_search?search_text=%E9%9B%86%E7%BB%93%E5%8F%B7%20%E5%86%AF%E5%B0%8F%E5%88%9A,https://movie.douban.com/subject_search?search_text=%E9%9B%86%E7%BB%93%E5%8F%B7%20%E5%86%AF%E5%B0%8F%E5%88%9A,战争记忆题材代表
29,冯小刚,男,大陆,非诚勿扰,2008,爱情/喜剧,当代,北京、杭州、北海道等,男性,第一番位为男性,公开主演表/剧情简介补判为男性第一主角,公开剧情简介、原表来源链接；原表来源：https://movie.douban.com/subject_search?search_text=%E9%9D%9E%E8%AF%9A%E5%8B%BF%E6%89%B0%20%E5%86%AF%E5%B0%8F%E5%88%9A,https://movie.douban.com/subject_search?search_text=%E9%9D%9E%E8%AF%9A%E5%8B%BF%E6%89%B0%20%E5%86%AF%E5%B0%8F%E5%88%9A,都市爱情喜剧代表
30,冯小刚,男,大陆,唐山大地震,2010,灾难/剧情/家庭,1976年唐山地震至2008年前后,河北唐山及后续城市生活空间,不适用,双主角/群像,剧情简介显示为双主角、多线叙事、系列群像或拼盘结构,公开剧情简介、原表来源链接；原表来源：https://movie.douban.com/subject_search?search_text=%E5%94%90%E5%B1%B1%E5%A4%A7%E5%9C%B0%E9%9C%87%20%E5%86%AF%E5%B0%8F%E5%88%9A,https://movie.douban.com/subject_search?search_text=%E5%94%90%E5%B1%B1%E5%A4%A7%E5%9C%B0%E9%9C%87%20%E5%86%AF%E5%B0%8F%E5%88%9A,灾难与家庭伦理大片代表
31,冯小刚,男,大陆,一九四二,2012,历史/灾难/剧情,1942年河南大饥荒时期,河南、陕西等逃荒路线,不适用,双主角/群像,剧情简介显示为双主角、多线叙事、系列群像或拼盘结构,公开剧情简介、原表来源链接；原表来源：https://movie.douban.com/subject_search?search_text=%E4%B8%80%E4%B9%9D%E5%9B%9B%E4%BA%8C%20%E5%86%AF%E5%B0%8F%E5%88%9A,https://movie.douban.com/subject_search?search_text=%E4%B8%80%E4%B9%9D%E5%9B%9B%E4%BA%8C%20%E5%86%AF%E5%B0%8F%E5%88%9A,历史灾难题材代表
32,冯小刚,男,大陆,我不是潘金莲,2016,剧情/讽刺/黑色喜剧,当代,中国县城、北京上访空间,女性,第一番位为女性,公开主演表/剧情简介补判为女性第一主角,公开剧情简介、原表来源链接；原表来源：https://movie.douban.com/subject_search?search_text=%E6%88%91%E4%B8%8D%E6%98%AF%E6%BD%98%E9%87%91%E8%8E%B2%20%E5%86%AF%E5%B0%8F%E5%88%9A,https://movie.douban.com/subject_search?search_text=%E6%88%91%E4%B8%8D%E6%98%AF%E6%BD%98%E9%87%91%E8%8E%B2%20%E5%86%AF%E5%B0%8F%E5%88%9A,现实讽刺电影代表
33,冯小刚,男,大陆,芳华,2017,剧情/历史/青春,20世纪70-80年代,西南部队文工团/中国内地,男性,第一番位为男性,公开主演表/剧情简介补判为男性第一主角,公开剧情简介、原表来源链接；原表来源：https://movie.douban.com/subject_search?search_text=%E8%8A%B3%E5%8D%8E%20%E5%86%AF%E5%B0%8F%E5%88%9A,https://movie.douban.com/subject_search?search_text=%E8%8A%B3%E5%8D%8E%20%E5%86%AF%E5%B0%8F%E5%88%9A,年代青春与集体记忆代表
34,姜文,男,大陆,鬼子来了,2000,剧情/战争/黑色喜剧,1945年前后/抗战末期,华北乡村,男性,第一番位为男性,公开主演表/剧情简介补判为男性第一主角,公开剧情简介、原表来源链接；原表来源：https://movie.douban.com/subject_search?search_text=%E9%AC%BC%E5%AD%90%E6%9D%A5%E4%BA%86%20%E5%A7%9C%E6%96%87,https://movie.douban.com/subject_search?search_text=%E9%AC%BC%E5%AD%90%E6%9D%A5%E4%BA%86%20%E5%A7%9C%E6%96%87,作者电影与战争寓言代表
35,姜文,男,大陆,太阳照常升起,2007,剧情/奇幻,多时段/现实与梦境交错,中国南方与西部乡村空间,男性,第一番位为男性,公开主演表/剧情简介补判为男性第一主角,公开剧情简介、原表来源链接；原表来源：https://movie.douban.com/subject_search?search_text=%E5%A4%AA%E9%98%B3%E7%85%A7%E5%B8%B8%E5%8D%87%E8%B5%B7%20%E5%A7%9C%E6%96%87,https://movie.douban.com/subject_search?search_text=%E5%A4%AA%E9%98%B3%E7%85%A7%E5%B8%B8%E5%8D%87%E8%B5%B7%20%E5%A7%9C%E6%96%87,作者表达与诗性叙事代表
36,姜文,男,大陆,让子弹飞,2010,剧情/喜剧/动作,北洋军阀时期/民国寓言,鹅城等虚构西南城镇,不适用,双主角/群像,剧情简介显示为双主角、多线叙事、系列群像或拼盘结构,公开剧情简介、原表来源链接；原表来源：https://movie.douban.com/subject_search?search_text=%E8%AE%A9%E5%AD%90%E5%BC%B9%E9%A3%9E%20%E5%A7%9C%E6%96%87,https://movie.douban.com/subject_search?search_text=%E8%AE%A9%E5%AD%90%E5%BC%B9%E9%A3%9E%20%E5%A7%9C%E6%96%87,作者商业片代表
37,姜文,男,大陆,一步之遥,2014,剧情/喜剧/歌舞,20世纪20年代,上海/民国都市,不适用,双主角/群像,剧情简介显示为双主角、多线叙事、系列群像或拼盘结构,公开剧情简介、原表来源链接；原表来源：https://movie.douban.com/subject_search?search_text=%E4%B8%80%E6%AD%A5%E4%B9%8B%E9%81%A5%20%E5%A7%9C%E6%96%87,https://movie.douban.com/subject_search?search_text=%E4%B8%80%E6%AD%A5%E4%B9%8B%E9%81%A5%20%E5%A7%9C%E6%96%87,民国奇观叙事代表
38,姜文,男,大陆,邪不压正,2018,剧情/喜剧/动作,1937年前后,北平,男性,第一番位为男性,公开主演表/剧情简介补判为男性第一主角,公开剧情简介、原表来源链接；原表来源：https://movie.douban.com/subject_search?search_text=%E9%82%AA%E4%B8%8D%E5%8E%8B%E6%AD%A3%20%E5%A7%9C%E6%96%87,https://movie.douban.com/subject_search?search_text=%E9%82%AA%E4%B8%8D%E5%8E%8B%E6%AD%A3%20%E5%A7%9C%E6%96%87,民国动作作者片代表
39,贾樟柯,男,大陆,站台,2000,剧情/历史,1979-1990年代,山西汾阳及巡演地区,不适用,双主角/群像,剧情简介显示为双主角、多线叙事、系列群像或拼盘结构,公开剧情简介、原表来源链接；原表来源：https://movie.douban.com/subject_search?search_text=%E7%AB%99%E5%8F%B0%20%E8%B4%BE%E6%A8%9F%E6%9F%AF,https://movie.douban.com/subject_search?search_text=%E7%AB%99%E5%8F%B0%20%E8%B4%BE%E6%A8%9F%E6%9F%AF,第六代导演转型中国经验代表
40,贾樟柯,男,大陆,任逍遥,2002,剧情,2001年前后,山西大同,男性,第一番位为男性,公开主演表/剧情简介补判为男性第一主角,公开剧情简介、原表来源链接；原表来源：https://movie.douban.com/subject_search?search_text=%E4%BB%BB%E9%80%8D%E9%81%A5%20%E8%B4%BE%E6%A8%9F%E6%9F%AF,https://movie.douban.com/subject_search?search_text=%E4%BB%BB%E9%80%8D%E9%81%A5%20%E8%B4%BE%E6%A8%9F%E6%9F%AF,青年边缘生活题材代表
41,贾樟柯,男,大陆,世界,2004,剧情,当代,北京世界公园,不适用,双主角/群像,剧情简介显示为双主角、多线叙事、系列群像或拼盘结构,公开剧情简介、原表来源链接；原表来源：https://movie.douban.com/subject_search?search_text=%E4%B8%96%E7%95%8C%20%E8%B4%BE%E6%A8%9F%E6%9F%AF,https://movie.douban.com/subject_search?search_text=%E4%B8%96%E7%95%8C%20%E8%B4%BE%E6%A8%9F%E6%9F%AF,全球化与城市空间代表
42,贾樟柯,男,大陆,三峡好人,2006,剧情,2000年代三峡移民时期,重庆奉节/三峡库区,男性,第一番位为男性,公开主演表/剧情简介补判为男性第一主角,公开剧情简介、原表来源链接；原表来源：https://movie.douban.com/subject_search?search_text=%E4%B8%89%E5%B3%A1%E5%A5%BD%E4%BA%BA%20%E8%B4%BE%E6%A8%9F%E6%9F%AF,https://movie.douban.com/subject_search?search_text=%E4%B8%89%E5%B3%A1%E5%A5%BD%E4%BA%BA%20%E8%B4%BE%E6%A8%9F%E6%9F%AF,三峡移民与现实主义代表
43,贾樟柯,男,大陆,二十四城记,2008,剧情/纪录风格,1950s-2000s工业记忆,成都国营工厂/城市空间,不适用,双主角/群像,剧情简介显示为双主角、多线叙事、系列群像或拼盘结构,公开剧情简介、原表来源链接；原表来源：https://movie.douban.com/subject_search?search_text=%E4%BA%8C%E5%8D%81%E5%9B%9B%E5%9F%8E%E8%AE%B0%20%E8%B4%BE%E6%A8%9F%E6%9F%AF,https://movie.douban.com/subject_search?search_text=%E4%BA%8C%E5%8D%81%E5%9B%9B%E5%9F%8E%E8%AE%B0%20%E8%B4%BE%E6%A8%9F%E6%9F%AF,工业记忆与纪录混合叙事代表
44,贾樟柯,男,大陆,天注定,2013,剧情/犯罪,当代,山西、重庆、广东等中国多地,不适用,双主角/群像,剧情简介显示为双主角、多线叙事、系列群像或拼盘结构,公开剧情简介、原表来源链接；原表来源：https://movie.douban.com/subject_search?search_text=%E5%A4%A9%E6%B3%A8%E5%AE%9A%20%E8%B4%BE%E6%A8%9F%E6%9F%AF,https://movie.douban.com/subject_search?search_text=%E5%A4%A9%E6%B3%A8%E5%AE%9A%20%E8%B4%BE%E6%A8%9F%E6%9F%AF,社会暴力与现实议题代表
45,贾樟柯,男,大陆,山河故人,2015,剧情/家庭,1999、2014、2025三个时段,山西汾阳、上海、澳大利亚,不适用,双主角/群像,剧情简介显示为双主角、多线叙事、系列群像或拼盘结构,公开剧情简介、原表来源链接；原表来源：https://movie.douban.com/subject_search?search_text=%E5%B1%B1%E6%B2%B3%E6%95%85%E4%BA%BA%20%E8%B4%BE%E6%A8%9F%E6%9F%AF,https://movie.douban.com/subject_search?search_text=%E5%B1%B1%E6%B2%B3%E6%95%85%E4%BA%BA%20%E8%B4%BE%E6%A8%9F%E6%9F%AF,跨年代社会变迁代表
46,贾樟柯,男,大陆,江湖儿女,2018,剧情/爱情/犯罪,2001-2018前后,山西、广州等中国多地,不适用,双主角/群像,剧情简介显示为双主角、多线叙事、系列群像或拼盘结构,公开剧情简介、原表来源链接；原表来源：https://movie.douban.com/subject_search?search_text=%E6%B1%9F%E6%B9%96%E5%84%BF%E5%A5%B3%20%E8%B4%BE%E6%A8%9F%E6%9F%AF,https://movie.douban.com/subject_search?search_text=%E6%B1%9F%E6%B9%96%E5%84%BF%E5%A5%B3%20%E8%B4%BE%E6%A8%9F%E6%9F%AF,江湖与时代变迁代表
47,贾樟柯,男,大陆,风流一代,2024,剧情,2001-2020年代,中国多地/长期影像空间,不适用,双主角/群像,剧情简介显示为双主角、多线叙事、系列群像或拼盘结构,公开剧情简介、原表来源链接；原表来源：https://movie.douban.com/subject_search?search_text=%E9%A3%8E%E6%B5%81%E4%B8%80%E4%BB%A3%20%E8%B4%BE%E6%A8%9F%E6%9F%AF,https://movie.douban.com/subject_search?search_text=%E9%A3%8E%E6%B5%81%E4%B8%80%E4%BB%A3%20%E8%B4%BE%E6%A8%9F%E6%9F%AF,长期影像素材与时代记忆代表
48,娄烨,男,大陆,苏州河,2000,剧情/爱情,1990年代,上海苏州河沿岸,女性,第一番位为女性,公开主演表/剧情简介补判为女性第一主角,公开剧情简介、原表来源链接；原表来源：https://movie.douban.com/subject_search?search_text=%E8%8B%8F%E5%B7%9E%E6%B2%B3%20%E5%A8%84%E7%83%A8,https://movie.douban.com/subject_search?search_text=%E8%8B%8F%E5%B7%9E%E6%B2%B3%20%E5%A8%84%E7%83%A8,城市迷影与第六代代表
49,娄烨,男,大陆,紫蝴蝶,2003,剧情/历史/爱情,20世纪30年代,上海,女性,第一番位为女性,公开主演表/剧情简介补判为女性第一主角,公开剧情简介、原表来源链接；原表来源：https://movie.douban.com/subject_search?search_text=%E7%B4%AB%E8%9D%B4%E8%9D%B6%20%E5%A8%84%E7%83%A8,https://movie.douban.com/subject_search?search_text=%E7%B4%AB%E8%9D%B4%E8%9D%B6%20%E5%A8%84%E7%83%A8,战争与都市历史题材代表
50,娄烨,男,大陆,颐和园,2006,剧情/爱情,1980s-2000s,北京、德国等,男性,第一番位为男性,公开主演表/剧情简介补判为男性第一主角,公开剧情简介、原表来源链接；原表来源：https://movie.douban.com/subject_search?search_text=%E9%A2%90%E5%92%8C%E5%9B%AD%20%E5%A8%84%E7%83%A8,https://movie.douban.com/subject_search?search_text=%E9%A2%90%E5%92%8C%E5%9B%AD%20%E5%A8%84%E7%83%A8,青春政治记忆题材代表
51,娄烨,男,大陆,春风沉醉的夜晚,2009,剧情/同性,当代,南京,男性,第一番位为男性,公开主演表/剧情简介补判为男性第一主角,公开剧情简介、原表来源链接；原表来源：https://movie.douban.com/subject_search?search_text=%E6%98%A5%E9%A3%8E%E6%B2%89%E9%86%89%E7%9A%84%E5%A4%9C%E6%99%9A%20%E5%A8%84%E7%83%A8,https://movie.douban.com/subject_search?search_text=%E6%98%A5%E9%A3%8E%E6%B2%89%E9%86%89%E7%9A%84%E5%A4%9C%E6%99%9A%20%E5%A8%84%E7%83%A8,独立作者电影代表
52,娄烨,男,大陆,浮城谜事,2012,剧情/悬疑/犯罪,当代,中国都市,女性,第一番位为女性,公开主演表/剧情简介补判为女性第一主角,公开剧情简介、原表来源链接；原表来源：https://movie.douban.com/subject_search?search_text=%E6%B5%AE%E5%9F%8E%E8%B0%9C%E4%BA%8B%20%E5%A8%84%E7%83%A8,https://movie.douban.com/subject_search?search_text=%E6%B5%AE%E5%9F%8E%E8%B0%9C%E4%BA%8B%20%E5%A8%84%E7%83%A8,都市悬疑现实题材代表
53,娄烨,男,大陆,推拿,2014,剧情,当代,南京盲人按摩院,男性,第一番位为男性,公开主演表/剧情简介补判为男性第一主角,公开剧情简介、原表来源链接；原表来源：https://movie.douban.com/subject_search?search_text=%E6%8E%A8%E6%8B%BF%20%E5%A8%84%E7%83%A8,https://movie.douban.com/subject_search?search_text=%E6%8E%A8%E6%8B%BF%20%E5%A8%84%E7%83%A8,边缘群体现实题材代表
54,娄烨,男,大陆,风中有朵雨做的云,2018,剧情/悬疑/犯罪,1989-2010s,广州、香港等,男性,第一番位为男性,公开主演表/剧情简介补判为男性第一主角,公开剧情简介、原表来源链接；原表来源：https://movie.douban.com/subject_search?search_text=%E9%A3%8E%E4%B8%AD%E6%9C%89%E6%9C%B5%E9%9B%A8%E5%81%9A%E7%9A%84%E4%BA%91%20%E5%A8%84%E7%83%A8,https://movie.douban.com/subject_search?search_text=%E9%A3%8E%E4%B8%AD%E6%9C%89%E6%9C%B5%E9%9B%A8%E5%81%9A%E7%9A%84%E4%BA%91%20%E5%A8%84%E7%83%A8,城市拆迁与犯罪叙事代表
55,娄烨,男,大陆,兰心大剧院,2019,剧情/谍战/历史,1941年太平洋战争前夕,上海租界,女性,第一番位为女性,公开主演表/剧情简介补判为女性第一主角,公开剧情简介、原表来源链接；原表来源：https://movie.douban.com/subject_search?search_text=%E5%85%B0%E5%BF%83%E5%A4%A7%E5%89%A7%E9%99%A2%20%E5%A8%84%E7%83%A8,https://movie.douban.com/subject_search?search_text=%E5%85%B0%E5%BF%83%E5%A4%A7%E5%89%A7%E9%99%A2%20%E5%A8%84%E7%83%A8,黑白谍战作者片代表
56,王小帅,男,大陆,十七岁的单车,2001,剧情/青春,当代,北京,男性,第一番位为男性,公开主演表/剧情简介补判为男性第一主角,公开剧情简介、原表来源链接；原表来源：https://movie.douban.com/subject_search?search_text=%E5%8D%81%E4%B8%83%E5%B2%81%E7%9A%84%E5%8D%95%E8%BD%A6%20%E7%8E%8B%E5%B0%8F%E5%B8%85,https://movie.douban.com/subject_search?search_text=%E5%8D%81%E4%B8%83%E5%B2%81%E7%9A%84%E5%8D%95%E8%BD%A6%20%E7%8E%8B%E5%B0%8F%E5%B8%85,第六代城市青年代表
57,王小帅,男,大陆,青红,2005,剧情,20世纪80年代,贵州三线工厂/内地小城,女性,第一番位为女性,公开主演表/剧情简介补判为女性第一主角,公开剧情简介、原表来源链接；原表来源：https://movie.douban.com/subject_search?search_text=%E9%9D%92%E7%BA%A2%20%E7%8E%8B%E5%B0%8F%E5%B8%85,https://movie.douban.com/subject_search?search_text=%E9%9D%92%E7%BA%A2%20%E7%8E%8B%E5%B0%8F%E5%B8%85,三线建设与青春记忆代表
58,王小帅,男,大陆,左右,2008,剧情/家庭,当代,北京,女性,第一番位为女性,公开主演表/剧情简介补判为女性第一主角,公开剧情简介、原表来源链接；原表来源：https://movie.douban.com/subject_search?search_text=%E5%B7%A6%E5%8F%B3%20%E7%8E%8B%E5%B0%8F%E5%B8%85,https://movie.douban.com/subject_search?search_text=%E5%B7%A6%E5%8F%B3%20%E7%8E%8B%E5%B0%8F%E5%B8%85,家庭伦理现实题材代表
59,王小帅,男,大陆,重庆蓝调,2010,剧情,当代,重庆,男性,第一番位为男性,公开主演表/剧情简介补判为男性第一主角,公开剧情简介、原表来源链接；原表来源：https://movie.douban.com/subject_search?search_text=%E9%87%8D%E5%BA%86%E8%93%9D%E8%B0%83%20%E7%8E%8B%E5%B0%8F%E5%B8%85,https://movie.douban.com/subject_search?search_text=%E9%87%8D%E5%BA%86%E8%93%9D%E8%B0%83%20%E7%8E%8B%E5%B0%8F%E5%B8%85,父子伦理与城市题材代表
60,王小帅,男,大陆,我11,2011,剧情/犯罪/青春,20世纪70年代,贵州三线工厂/少年生活空间,男性,第一番位为男性,公开主演表/剧情简介补判为男性第一主角,公开剧情简介、原表来源链接；原表来源：https://movie.douban.com/subject_search?search_text=%E6%88%9111%20%E7%8E%8B%E5%B0%8F%E5%B8%85,https://movie.douban.com/subject_search?search_text=%E6%88%9111%20%E7%8E%8B%E5%B0%8F%E5%B8%85,文革后少年记忆代表
61,王小帅,男,大陆,地久天长,2019,剧情/家庭,1980s-2010s,中国北方城市/家庭空间,男性,第一番位为男性,公开主演表/剧情简介补判为男性第一主角,公开剧情简介、原表来源链接；原表来源：https://movie.douban.com/subject_search?search_text=%E5%9C%B0%E4%B9%85%E5%A4%A9%E9%95%BF%20%E7%8E%8B%E5%B0%8F%E5%B8%85,https://movie.douban.com/subject_search?search_text=%E5%9C%B0%E4%B9%85%E5%A4%A9%E9%95%BF%20%E7%8E%8B%E5%B0%8F%E5%B8%85,家庭史与社会变迁代表
62,宁浩,男,大陆,绿草地,2005,剧情/喜剧,当代,内蒙古草原,男性,第一番位为男性,公开主演表/剧情简介补判为男性第一主角,公开剧情简介、原表来源链接；原表来源：https://movie.douban.com/subject_search?search_text=%E7%BB%BF%E8%8D%89%E5%9C%B0%20%E5%AE%81%E6%B5%A9,https://movie.douban.com/subject_search?search_text=%E7%BB%BF%E8%8D%89%E5%9C%B0%20%E5%AE%81%E6%B5%A9,青年导演早期代表
63,宁浩,男,大陆,疯狂的石头,2006,喜剧/犯罪,当代,重庆,不适用,双主角/群像,剧情简介显示为双主角、多线叙事、系列群像或拼盘结构,公开剧情简介、原表来源链接；原表来源：https://movie.douban.com/subject_search?search_text=%E7%96%AF%E7%8B%82%E7%9A%84%E7%9F%B3%E5%A4%B4%20%E5%AE%81%E6%B5%A9,https://movie.douban.com/subject_search?search_text=%E7%96%AF%E7%8B%82%E7%9A%84%E7%9F%B3%E5%A4%B4%20%E5%AE%81%E6%B5%A9,国产黑色喜剧类型片代表
64,宁浩,男,大陆,疯狂的赛车,2009,喜剧/动作/犯罪,当代,中国沿海城市/赛车与市井空间,不适用,双主角/群像,剧情简介显示为双主角、多线叙事、系列群像或拼盘结构,公开剧情简介、原表来源链接；原表来源：https://movie.douban.com/subject_search?search_text=%E7%96%AF%E7%8B%82%E7%9A%84%E8%B5%9B%E8%BD%A6%20%E5%AE%81%E6%B5%A9,https://movie.douban.com/subject_search?search_text=%E7%96%AF%E7%8B%82%E7%9A%84%E8%B5%9B%E8%BD%A6%20%E5%AE%81%E6%B5%A9,多线叙事喜剧代表
65,宁浩,男,大陆,无人区,2013,剧情/犯罪/西部,当代,中国西北无人区/戈壁公路,男性,第一番位为男性,公开主演表/剧情简介补判为男性第一主角,公开剧情简介、原表来源链接；原表来源：https://movie.douban.com/subject_search?search_text=%E6%97%A0%E4%BA%BA%E5%8C%BA%20%E5%AE%81%E6%B5%A9,https://movie.douban.com/subject_search?search_text=%E6%97%A0%E4%BA%BA%E5%8C%BA%20%E5%AE%81%E6%B5%A9,公路犯罪类型片代表
66,宁浩,男,大陆,心花路放,2014,喜剧/爱情/公路,当代,中国公路旅途、大理等,男性,第一番位为男性,公开主演表/剧情简介补判为男性第一主角,公开剧情简介、原表来源链接；原表来源：https://movie.douban.com/subject_search?search_text=%E5%BF%83%E8%8A%B1%E8%B7%AF%E6%94%BE%20%E5%AE%81%E6%B5%A9,https://movie.douban.com/subject_search?search_text=%E5%BF%83%E8%8A%B1%E8%B7%AF%E6%94%BE%20%E5%AE%81%E6%B5%A9,商业公路喜剧代表
67,宁浩,男,大陆,疯狂的外星人,2019,喜剧/科幻,当代/科幻寓言,中国城市与外星文明接触空间,不适用,双主角/群像,剧情简介显示为双主角、多线叙事、系列群像或拼盘结构,公开剧情简介、原表来源链接；原表来源：https://movie.douban.com/subject_search?search_text=%E7%96%AF%E7%8B%82%E7%9A%84%E5%A4%96%E6%98%9F%E4%BA%BA%20%E5%AE%81%E6%B5%A9,https://movie.douban.com/subject_search?search_text=%E7%96%AF%E7%8B%82%E7%9A%84%E5%A4%96%E6%98%9F%E4%BA%BA%20%E5%AE%81%E6%B5%A9,科幻喜剧商业片代表
68,陆川,男,大陆,寻枪,2002,剧情/悬疑/犯罪,当代,贵州小城,男性,第一番位为男性,公开主演表/剧情简介补判为男性第一主角,公开剧情简介、原表来源链接；原表来源：https://movie.douban.com/subject_search?search_text=%E5%AF%BB%E6%9E%AA%20%E9%99%86%E5%B7%9D,https://movie.douban.com/subject_search?search_text=%E5%AF%BB%E6%9E%AA%20%E9%99%86%E5%B7%9D,新世纪青年导演类型化代表
69,陆川,男,大陆,可可西里,2004,剧情/冒险,当代,青海可可西里,男性,第一番位为男性,公开主演表/剧情简介补判为男性第一主角,公开剧情简介、原表来源链接；原表来源：https://movie.douban.com/subject_search?search_text=%E5%8F%AF%E5%8F%AF%E8%A5%BF%E9%87%8C%20%E9%99%86%E5%B7%9D,https://movie.douban.com/subject_search?search_text=%E5%8F%AF%E5%8F%AF%E8%A5%BF%E9%87%8C%20%E9%99%86%E5%B7%9D,自然保护与现实主义代表
70,陆川,男,大陆,南京！南京！,2009,战争/历史/剧情,1937年南京大屠杀时期,南京,男性,第一番位为男性,公开主演表/剧情简介补判为男性第一主角,公开剧情简介、原表来源链接；原表来源：https://movie.douban.com/subject_search?search_text=%E5%8D%97%E4%BA%AC%EF%BC%81%E5%8D%97%E4%BA%AC%EF%BC%81%20%E9%99%86%E5%B7%9D,https://movie.douban.com/subject_search?search_text=%E5%8D%97%E4%BA%AC%EF%BC%81%E5%8D%97%E4%BA%AC%EF%BC%81%20%E9%99%86%E5%B7%9D,南京大屠杀历史题材代表
71,陆川,男,大陆,王的盛宴,2012,历史/古装/剧情,秦末汉初,咸阳、鸿门宴与楚汉战场空间,男性,第一番位为男性,公开主演表/剧情简介补判为男性第一主角,公开剧情简介、原表来源链接；原表来源：https://movie.douban.com/subject_search?search_text=%E7%8E%8B%E7%9A%84%E7%9B%9B%E5%AE%B4%20%E9%99%86%E5%B7%9D,https://movie.douban.com/subject_search?search_text=%E7%8E%8B%E7%9A%84%E7%9B%9B%E5%AE%B4%20%E9%99%86%E5%B7%9D,历史重述题材代表
72,陆川,男,大陆,九层妖塔,2015,动作/冒险/奇幻,当代与远古遗迹传说交错,昆仑山、石油小镇、沙漠遗迹,男性,第一番位为男性,公开主演表/剧情简介补判为男性第一主角,公开剧情简介、原表来源链接；原表来源：https://movie.douban.com/subject_search?search_text=%E4%B9%9D%E5%B1%82%E5%A6%96%E5%A1%94%20%E9%99%86%E5%B7%9D,https://movie.douban.com/subject_search?search_text=%E4%B9%9D%E5%B1%82%E5%A6%96%E5%A1%94%20%E9%99%86%E5%B7%9D,IP奇幻冒险片代表
73,曹保平,男,大陆,光荣的愤怒,2006,剧情/黑色喜剧,当代,中国乡村/村庄权力空间,男性,第一番位为男性,公开主演表/剧情简介补判为男性第一主角,公开剧情简介、原表来源链接；原表来源：https://movie.douban.com/subject_search?search_text=%E5%85%89%E8%8D%A3%E7%9A%84%E6%84%A4%E6%80%92%20%E6%9B%B9%E4%BF%9D%E5%B9%B3,https://movie.douban.com/subject_search?search_text=%E5%85%89%E8%8D%A3%E7%9A%84%E6%84%A4%E6%80%92%20%E6%9B%B9%E4%BF%9D%E5%B9%B3,乡村权力讽刺题材代表
74,曹保平,男,大陆,李米的猜想,2008,剧情/爱情/犯罪,当代,云南昆明及周边,女性,第一番位为女性,公开主演表/剧情简介补判为女性第一主角,公开剧情简介、原表来源链接；原表来源：https://movie.douban.com/subject_search?search_text=%E6%9D%8E%E7%B1%B3%E7%9A%84%E7%8C%9C%E6%83%B3%20%E6%9B%B9%E4%BF%9D%E5%B9%B3,https://movie.douban.com/subject_search?search_text=%E6%9D%8E%E7%B1%B3%E7%9A%84%E7%8C%9C%E6%83%B3%20%E6%9B%B9%E4%BF%9D%E5%B9%B3,现实犯罪爱情题材代表
75,曹保平,男,大陆,烈日灼心,2015,剧情/犯罪/悬疑,当代,厦门/中国南方城市,男性,第一番位为男性,公开主演表/剧情简介补判为男性第一主角,公开剧情简介、原表来源链接；原表来源：https://movie.douban.com/subject_search?search_text=%E7%83%88%E6%97%A5%E7%81%BC%E5%BF%83%20%E6%9B%B9%E4%BF%9D%E5%B9%B3,https://movie.douban.com/subject_search?search_text=%E7%83%88%E6%97%A5%E7%81%BC%E5%BF%83%20%E6%9B%B9%E4%BF%9D%E5%B9%B3,犯罪类型片代表
76,曹保平,男,大陆,追凶者也,2016,剧情/喜剧/犯罪,当代,云南边境小镇,男性,第一番位为男性,公开主演表/剧情简介补判为男性第一主角,公开剧情简介、原表来源链接；原表来源：https://movie.douban.com/subject_search?search_text=%E8%BF%BD%E5%87%B6%E8%80%85%E4%B9%9F%20%E6%9B%B9%E4%BF%9D%E5%B9%B3,https://movie.douban.com/subject_search?search_text=%E8%BF%BD%E5%87%B6%E8%80%85%E4%B9%9F%20%E6%9B%B9%E4%BF%9D%E5%B9%B3,黑色犯罪喜剧代表
77,曹保平,男,大陆,涉过愤怒的海,2023,剧情/犯罪/悬疑,当代,中国沿海城市、日本东京等,男性,第一番位为男性,公开主演表/剧情简介补判为男性第一主角,公开剧情简介、原表来源链接；原表来源：http://www.wikidata.org/entity/Q109256899,http://www.wikidata.org/entity/Q109256899,家庭犯罪与社会议题代表
78,刁亦男,男,大陆,制服,2003,剧情/犯罪,1990年代,中国城市,男性,第一番位为男性,公开主演表/剧情简介补判为男性第一主角,公开剧情简介、原表来源链接；原表来源：https://movie.douban.com/subject_search?search_text=%E5%88%B6%E6%9C%8D%20%E5%88%81%E4%BA%A6%E7%94%B7,https://movie.douban.com/subject_search?search_text=%E5%88%B6%E6%9C%8D%20%E5%88%81%E4%BA%A6%E7%94%B7,独立犯罪现实题材代表
79,刁亦男,男,大陆,夜车,2007,剧情,当代,中国小城/铁路沿线,女性,第一番位为女性,公开主演表/剧情简介补判为女性第一主角,公开剧情简介、原表来源链接；原表来源：https://movie.douban.com/subject_search?search_text=%E5%A4%9C%E8%BD%A6%20%E5%88%81%E4%BA%A6%E7%94%B7,https://movie.douban.com/subject_search?search_text=%E5%A4%9C%E8%BD%A6%20%E5%88%81%E4%BA%A6%E7%94%B7,边缘女性与罪案题材代表
80,刁亦男,男,大陆,白日焰火,2014,剧情/悬疑/犯罪,1999年前后,中国东北工业城市,男性,第一番位为男性,公开主演表/剧情简介补判为男性第一主角,公开剧情简介、原表来源链接；原表来源：https://movie.douban.com/subject_search?search_text=%E7%99%BD%E6%97%A5%E7%84%B0%E7%81%AB%20%E5%88%81%E4%BA%A6%E7%94%B7,https://movie.douban.com/subject_search?search_text=%E7%99%BD%E6%97%A5%E7%84%B0%E7%81%AB%20%E5%88%81%E4%BA%A6%E7%94%B7,柏林金熊犯罪片代表
81,刁亦男,男,大陆,南方车站的聚会,2019,剧情/犯罪,当代,武汉/南方车站与城中村空间,男性,第一番位为男性,公开主演表/剧情简介补判为男性第一主角,公开剧情简介、原表来源链接；原表来源：https://movie.douban.com/subject_search?search_text=%E5%8D%97%E6%96%B9%E8%BD%A6%E7%AB%99%E7%9A%84%E8%81%9A%E4%BC%9A%20%E5%88%81%E4%BA%A6%E7%94%B7,https://movie.douban.com/subject_search?search_text=%E5%8D%97%E6%96%B9%E8%BD%A6%E7%AB%99%E7%9A%84%E8%81%9A%E4%BC%9A%20%E5%88%81%E4%BA%A6%E7%94%B7,作者犯罪类型片代表
82,管虎,男,大陆,斗牛,2009,剧情/喜剧/战争,抗日战争时期,华北农村,不适用,双主角/群像,剧情简介显示为双主角、多线叙事、系列群像或拼盘结构,公开剧情简介、原表来源链接；原表来源：https://movie.douban.com/subject_search?search_text=%E6%96%97%E7%89%9B%20%E7%AE%A1%E8%99%8E,https://movie.douban.com/subject_search?search_text=%E6%96%97%E7%89%9B%20%E7%AE%A1%E8%99%8E,战争黑色喜剧代表
83,管虎,男,大陆,杀生,2012,剧情/悬疑,民国/寓言化年代,西南长寿镇,男性,第一番位为男性,公开主演表/剧情简介补判为男性第一主角,公开剧情简介、原表来源链接；原表来源：https://movie.douban.com/subject_search?search_text=%E6%9D%80%E7%94%9F%20%E7%AE%A1%E8%99%8E,https://movie.douban.com/subject_search?search_text=%E6%9D%80%E7%94%9F%20%E7%AE%A1%E8%99%8E,荒诞悬疑题材代表
84,管虎,男,大陆,老炮儿,2015,剧情/犯罪,当代,北京胡同/城市江湖空间,男性,第一番位为男性,公开主演表/剧情简介补判为男性第一主角,公开剧情简介、原表来源链接；原表来源：https://movie.douban.com/subject_search?search_text=%E8%80%81%E7%82%AE%E5%84%BF%20%E7%AE%A1%E8%99%8E,https://movie.douban.com/subject_search?search_text=%E8%80%81%E7%82%AE%E5%84%BF%20%E7%AE%A1%E8%99%8E,北京城市江湖题材代表
85,管虎,男,大陆,八佰,2020,战争/历史/剧情,1937年淞沪会战时期,上海四行仓库,不适用,双主角/群像,剧情简介显示为双主角、多线叙事、系列群像或拼盘结构,公开剧情简介、原表来源链接；原表来源：https://movie.douban.com/subject_search?search_text=%E5%85%AB%E4%BD%B0%20%E7%AE%A1%E8%99%8E,https://movie.douban.com/subject_search?search_text=%E5%85%AB%E4%BD%B0%20%E7%AE%A1%E8%99%8E,新主流战争大片代表
86,管虎,男,大陆,金刚川,2020,战争/历史,1953年抗美援朝时期,朝鲜金刚川,不适用,双主角/群像,剧情简介显示为双主角、多线叙事、系列群像或拼盘结构,公开剧情简介、原表来源链接；原表来源：https://movie.douban.com/subject_search?search_text=%E9%87%91%E5%88%9A%E5%B7%9D%20%E7%AE%A1%E8%99%8E,https://movie.douban.com/subject_search?search_text=%E9%87%91%E5%88%9A%E5%B7%9D%20%E7%AE%A1%E8%99%8E,抗美援朝战争片代表
87,郭帆,男,大陆,李献计历险记,2011,爱情/奇幻/动画元素,当代/科幻穿越,北京与虚构时空,男性,第一番位为男性,公开主演表/剧情简介补判为男性第一主角,公开剧情简介、原表来源链接；原表来源：https://movie.douban.com/subject_search?search_text=%E6%9D%8E%E7%8C%AE%E8%AE%A1%E5%8E%86%E9%99%A9%E8%AE%B0%20%E9%83%AD%E5%B8%86,https://movie.douban.com/subject_search?search_text=%E6%9D%8E%E7%8C%AE%E8%AE%A1%E5%8E%86%E9%99%A9%E8%AE%B0%20%E9%83%AD%E5%B8%86,青年导演早期代表
88,郭帆,男,大陆,流浪地球,2019,科幻/冒险/灾难,近未来/太阳危机时代,地球地下城、太空与北京地下城,不适用,双主角/群像,剧情简介显示为双主角、多线叙事、系列群像或拼盘结构,公开剧情简介、原表来源链接；原表来源：https://movie.douban.com/subject_search?search_text=%E6%B5%81%E6%B5%AA%E5%9C%B0%E7%90%83%20%E9%83%AD%E5%B8%86,https://movie.douban.com/subject_search?search_text=%E6%B5%81%E6%B5%AA%E5%9C%B0%E7%90%83%20%E9%83%AD%E5%B8%86,国产硬科幻商业片代表
89,郭帆,男,大陆,流浪地球2,2023,科幻/冒险/灾难,2044-2058年前后/近未来,地球、月球、北京航天空间,不适用,双主角/群像,剧情简介显示为双主角、多线叙事、系列群像或拼盘结构,公开剧情简介、原表来源链接；原表来源：http://www.wikidata.org/entity/Q108659445,http://www.wikidata.org/entity/Q108659445,国产科幻工业升级代表
90,文牧野,男,大陆,我不是药神,2018,剧情/喜剧/社会议题,当代,上海及印度仿制药线索空间,男性,第一番位为男性,公开主演表/剧情简介补判为男性第一主角,公开剧情简介、原表来源链接；原表来源：https://movie.douban.com/subject_search?search_text=%E6%88%91%E4%B8%8D%E6%98%AF%E8%8D%AF%E7%A5%9E%20%E6%96%87%E7%89%A7%E9%87%8E,https://movie.douban.com/subject_search?search_text=%E6%88%91%E4%B8%8D%E6%98%AF%E8%8D%AF%E7%A5%9E%20%E6%96%87%E7%89%A7%E9%87%8E,现实主义商业片代表
91,文牧野,男,大陆,奇迹·笨小孩,2022,剧情/创业,当代,深圳,男性,第一番位为男性,公开主演表/剧情简介补判为男性第一主角,公开剧情简介、原表来源链接；原表来源：https://movie.douban.com/subject_search?search_text=%E5%A5%87%E8%BF%B9%C2%B7%E7%AC%A8%E5%B0%8F%E5%AD%A9%20%E6%96%87%E7%89%A7%E9%87%8E,https://movie.douban.com/subject_search?search_text=%E5%A5%87%E8%BF%B9%C2%B7%E7%AC%A8%E5%B0%8F%E5%AD%A9%20%E6%96%87%E7%89%A7%E9%87%8E,现实励志题材代表
92,韩延,男,大陆,滚蛋吧！肿瘤君,2015,喜剧/爱情/剧情,当代,北京/医院与生活空间,女性,第一番位为女性,公开主演表/剧情简介补判为女性第一主角,公开剧情简介、原表来源链接；原表来源：https://movie.douban.com/subject_search?search_text=%E6%BB%9A%E8%9B%8B%E5%90%A7%EF%BC%81%E8%82%BF%E7%98%A4%E5%90%9B%20%E9%9F%A9%E5%BB%B6,https://movie.douban.com/subject_search?search_text=%E6%BB%9A%E8%9B%8B%E5%90%A7%EF%BC%81%E8%82%BF%E7%98%A4%E5%90%9B%20%E9%9F%A9%E5%BB%B6,疾病题材商业片代表
93,韩延,男,大陆,动物世界,2018,动作/悬疑/冒险,当代/游戏化叙事,中国城市与虚构游戏空间,男性,第一番位为男性,公开主演表/剧情简介补判为男性第一主角,公开剧情简介、原表来源链接；原表来源：https://movie.douban.com/subject_search?search_text=%E5%8A%A8%E7%89%A9%E4%B8%96%E7%95%8C%20%E9%9F%A9%E5%BB%B6,https://movie.douban.com/subject_search?search_text=%E5%8A%A8%E7%89%A9%E4%B8%96%E7%95%8C%20%E9%9F%A9%E5%BB%B6,漫画改编类型片代表
94,韩延,男,大陆,送你一朵小红花,2020,剧情/家庭,当代,中国城市/家庭与抗癌生活空间,男性,第一番位为男性,公开主演表/剧情简介补判为男性第一主角,公开剧情简介、原表来源链接；原表来源：https://movie.douban.com/subject_search?search_text=%E9%80%81%E4%BD%A0%E4%B8%80%E6%9C%B5%E5%B0%8F%E7%BA%A2%E8%8A%B1%20%E9%9F%A9%E5%BB%B6,https://movie.douban.com/subject_search?search_text=%E9%80%81%E4%BD%A0%E4%B8%80%E6%9C%B5%E5%B0%8F%E7%BA%A2%E8%8A%B1%20%E9%9F%A9%E5%BB%B6,疾病与家庭情感题材代表
95,韩延,男,大陆,我爱你！,2023,剧情/爱情,当代,中国城市/老年生活空间,男性,第一番位为男性,公开主演表/剧情简介补判为男性第一主角,公开剧情简介、原表来源链接；原表来源：https://movie.douban.com/subject_search?search_text=%E6%88%91%E7%88%B1%E4%BD%A0%EF%BC%81%20%E9%9F%A9%E5%BB%B6,https://movie.douban.com/subject_search?search_text=%E6%88%91%E7%88%B1%E4%BD%A0%EF%BC%81%20%E9%9F%A9%E5%BB%B6,老年爱情题材代表
96,陈思诚,男,大陆,北京爱情故事,2014,爱情/剧情,当代,北京/多段都市爱情空间,不适用,双主角/群像,剧情简介显示为双主角、多线叙事、系列群像或拼盘结构,公开剧情简介、原表来源链接；原表来源：https://movie.douban.com/subject_search?search_text=%E5%8C%97%E4%BA%AC%E7%88%B1%E6%83%85%E6%95%85%E4%BA%8B%20%E9%99%88%E6%80%9D%E8%AF%9A,https://movie.douban.com/subject_search?search_text=%E5%8C%97%E4%BA%AC%E7%88%B1%E6%83%85%E6%95%85%E4%BA%8B%20%E9%99%88%E6%80%9D%E8%AF%9A,都市爱情片代表
97,陈思诚,男,大陆,唐人街探案,2015,喜剧/悬疑/动作,当代,泰国曼谷,男性,第一番位为男性,公开主演表/剧情简介补判为男性第一主角,公开剧情简介、原表来源链接；原表来源：https://movie.douban.com/subject_search?search_text=%E5%94%90%E4%BA%BA%E8%A1%97%E6%8E%A2%E6%A1%88%20%E9%99%88%E6%80%9D%E8%AF%9A,https://movie.douban.com/subject_search?search_text=%E5%94%90%E4%BA%BA%E8%A1%97%E6%8E%A2%E6%A1%88%20%E9%99%88%E6%80%9D%E8%AF%9A,悬疑喜剧系列代表
98,陈思诚,男,大陆,唐人街探案2,2018,喜剧/悬疑/动作,当代,美国纽约,男性,第一番位为男性,公开主演表/剧情简介补判为男性第一主角,公开剧情简介、原表来源链接；原表来源：https://movie.douban.com/subject_search?search_text=%E5%94%90%E4%BA%BA%E8%A1%97%E6%8E%A2%E6%A1%882%20%E9%99%88%E6%80%9D%E8%AF%9A,https://movie.douban.com/subject_search?search_text=%E5%94%90%E4%BA%BA%E8%A1%97%E6%8E%A2%E6%A1%882%20%E9%99%88%E6%80%9D%E8%AF%9A,国产系列电影商业化代表
99,陈思诚,男,大陆,唐人街探案3,2021,喜剧/悬疑/动作,当代,日本东京,男性,第一番位为男性,公开主演表/剧情简介补判为男性第一主角,公开剧情简介、原表来源链接；原表来源：https://movie.douban.com/subject_search?search_text=%E5%94%90%E4%BA%BA%E8%A1%97%E6%8E%A2%E6%A1%883%20%E9%99%88%E6%80%9D%E8%AF%9A,https://movie.douban.com/subject_search?search_text=%E5%94%90%E4%BA%BA%E8%A1%97%E6%8E%A2%E6%A1%883%20%E9%99%88%E6%80%9D%E8%AF%9A,春节档系列大片代表
100,徐峥,男,大陆,人再囧途之泰囧,2012,喜剧/公路,当代,泰国曼谷及周边,不适用,双主角/群像,剧情简介显示为双主角、多线叙事、系列群像或拼盘结构,公开剧情简介、原表来源链接；原表来源：https://movie.douban.com/subject_search?search_text=%E4%BA%BA%E5%86%8D%E5%9B%A7%E9%80%94%E4%B9%8B%E6%B3%B0%E5%9B%A7%20%E5%BE%90%E5%B3%A5,https://movie.douban.com/subject_search?search_text=%E4%BA%BA%E5%86%8D%E5%9B%A7%E9%80%94%E4%B9%8B%E6%B3%B0%E5%9B%A7%20%E5%BE%90%E5%B3%A5,国产高票房喜剧代表
101,徐峥,男,大陆,港囧,2015,喜剧/爱情,当代,香港,不适用,双主角/群像,剧情简介显示为双主角、多线叙事、系列群像或拼盘结构,公开剧情简介、原表来源链接；原表来源：https://movie.douban.com/subject_search?search_text=%E6%B8%AF%E5%9B%A7%20%E5%BE%90%E5%B3%A5,https://movie.douban.com/subject_search?search_text=%E6%B8%AF%E5%9B%A7%20%E5%BE%90%E5%B3%A5,囧系列商业喜剧代表
102,徐峥,男,大陆,囧妈,2020,喜剧/家庭/公路,当代,北京至莫斯科列车、俄罗斯,不适用,双主角/群像,剧情简介显示为双主角、多线叙事、系列群像或拼盘结构,公开剧情简介、原表来源链接；原表来源：https://movie.douban.com/subject_search?search_text=%E5%9B%A7%E5%A6%88%20%E5%BE%90%E5%B3%A5,https://movie.douban.com/subject_search?search_text=%E5%9B%A7%E5%A6%88%20%E5%BE%90%E5%B3%A5,家庭公路喜剧代表
103,韩寒,男,大陆,后会无期,2014,剧情/喜剧/公路,当代,中国西部公路/海边旅途,不适用,双主角/群像,剧情简介显示为双主角、多线叙事、系列群像或拼盘结构,公开剧情简介、原表来源链接；原表来源：https://movie.douban.com/subject_search?search_text=%E5%90%8E%E4%BC%9A%E6%97%A0%E6%9C%9F%20%E9%9F%A9%E5%AF%92,https://movie.douban.com/subject_search?search_text=%E5%90%8E%E4%BC%9A%E6%97%A0%E6%9C%9F%20%E9%9F%A9%E5%AF%92,作家转导演公路片代表
104,韩寒,男,大陆,乘风破浪,2017,剧情/喜剧/奇幻,1998年前后与当代框架,浙江小镇/中国南方城镇,不适用,双主角/群像,剧情简介显示为双主角、多线叙事、系列群像或拼盘结构,公开剧情简介、原表来源链接；原表来源：https://movie.douban.com/subject_search?search_text=%E4%B9%98%E9%A3%8E%E7%A0%B4%E6%B5%AA%20%E9%9F%A9%E5%AF%92,https://movie.douban.com/subject_search?search_text=%E4%B9%98%E9%A3%8E%E7%A0%B4%E6%B5%AA%20%E9%9F%A9%E5%AF%92,怀旧奇幻喜剧代表
105,韩寒,男,大陆,飞驰人生,2019,喜剧/运动,当代,中国赛车圈与拉力赛场,不适用,双主角/群像,剧情简介显示为双主角、多线叙事、系列群像或拼盘结构,公开剧情简介、原表来源链接；原表来源：https://movie.douban.com/subject_search?search_text=%E9%A3%9E%E9%A9%B0%E4%BA%BA%E7%94%9F%20%E9%9F%A9%E5%AF%92,https://movie.douban.com/subject_search?search_text=%E9%A3%9E%E9%A9%B0%E4%BA%BA%E7%94%9F%20%E9%9F%A9%E5%AF%92,赛车运动喜剧代表
106,周星驰,男,香港,少林足球,2001,喜剧/运动/动作,当代,香港,男性,第一番位为男性,公开主演表/剧情简介补判为男性第一主角,公开剧情简介、原表来源链接；原表来源：https://movie.douban.com/subject_search?search_text=%E5%B0%91%E6%9E%97%E8%B6%B3%E7%90%83%20%E5%91%A8%E6%98%9F%E9%A9%B0,https://movie.douban.com/subject_search?search_text=%E5%B0%91%E6%9E%97%E8%B6%B3%E7%90%83%20%E5%91%A8%E6%98%9F%E9%A9%B0,港式喜剧商业片代表
107,周星驰,男,香港,功夫,2004,喜剧/动作/奇幻,20世纪40年代/民国上海寓言,上海猪笼城寨,不适用,双主角/群像,剧情简介显示为双主角、多线叙事、系列群像或拼盘结构,公开剧情简介、原表来源链接；原表来源：https://movie.douban.com/subject_search?search_text=%E5%8A%9F%E5%A4%AB%20%E5%91%A8%E6%98%9F%E9%A9%B0,https://movie.douban.com/subject_search?search_text=%E5%8A%9F%E5%A4%AB%20%E5%91%A8%E6%98%9F%E9%A9%B0,港式动作喜剧代表
108,周星驰,男,香港,长江七号,2008,喜剧/科幻/家庭,当代,香港/普通家庭与外星儿童空间,男性,第一番位为男性,公开主演表/剧情简介补判为男性第一主角,公开剧情简介、原表来源链接；原表来源：https://movie.douban.com/subject_search?search_text=%E9%95%BF%E6%B1%9F%E4%B8%83%E5%8F%B7%20%E5%91%A8%E6%98%9F%E9%A9%B0,https://movie.douban.com/subject_search?search_text=%E9%95%BF%E6%B1%9F%E4%B8%83%E5%8F%B7%20%E5%91%A8%E6%98%9F%E9%A9%B0,家庭科幻喜剧代表
109,周星驰,男,香港,西游降魔篇,2013,喜剧/奇幻/冒险,唐代神话/西游世界,长安、西域与妖魔空间,不适用,双主角/群像,剧情简介显示为双主角、多线叙事、系列群像或拼盘结构,公开剧情简介、原表来源链接；原表来源：https://movie.douban.com/subject_search?search_text=%E8%A5%BF%E6%B8%B8%E9%99%8D%E9%AD%94%E7%AF%87%20%E5%91%A8%E6%98%9F%E9%A9%B0,https://movie.douban.com/subject_search?search_text=%E8%A5%BF%E6%B8%B8%E9%99%8D%E9%AD%94%E7%AF%87%20%E5%91%A8%E6%98%9F%E9%A9%B0,神话喜剧商业片代表
110,周星驰,男,香港,美人鱼,2016,喜剧/爱情/奇幻,当代/奇幻环保寓言,中国南方海滨城市与海洋,不适用,双主角/群像,剧情简介显示为双主角、多线叙事、系列群像或拼盘结构,公开剧情简介、原表来源链接；原表来源：https://movie.douban.com/subject_search?search_text=%E7%BE%8E%E4%BA%BA%E9%B1%BC%20%E5%91%A8%E6%98%9F%E9%A9%B0,https://movie.douban.com/subject_search?search_text=%E7%BE%8E%E4%BA%BA%E9%B1%BC%20%E5%91%A8%E6%98%9F%E9%A9%B0,高票房环保喜剧代表
111,周星驰,男,香港,新喜剧之王,2019,剧情/喜剧,当代,中国城市/影视表演行业空间,男性,第一番位为男性,公开主演表/剧情简介补判为男性第一主角,公开剧情简介、原表来源链接；原表来源：https://movie.douban.com/subject_search?search_text=%E6%96%B0%E5%96%9C%E5%89%A7%E4%B9%8B%E7%8E%8B%20%E5%91%A8%E6%98%9F%E9%A9%B0,https://movie.douban.com/subject_search?search_text=%E6%96%B0%E5%96%9C%E5%89%A7%E4%B9%8B%E7%8E%8B%20%E5%91%A8%E6%98%9F%E9%A9%B0,自我致敬喜剧代表
112,王家卫,男,香港,花样年华,2000,剧情/爱情,1962年,香港,男性,第一番位为男性,公开主演表/剧情简介补判为男性第一主角,公开剧情简介、维基/1905等资料、原表来源链接；原表来源：https://movie.douban.com/subject_search?search_text=%E8%8A%B1%E6%A0%B7%E5%B9%B4%E5%8D%8E%20%E7%8E%8B%E5%AE%B6%E5%8D%AB,https://movie.douban.com/subject_search?search_text=%E8%8A%B1%E6%A0%B7%E5%B9%B4%E5%8D%8E%20%E7%8E%8B%E5%AE%B6%E5%8D%AB,华语电影美学经典代表
113,王家卫,男,香港,2046,2004,剧情/爱情/科幻,1960年代至未来寓言,香港、新加坡、2046列车/房间,不适用,双主角/群像,剧情简介显示为双主角、多线叙事、系列群像或拼盘结构,公开剧情简介、原表来源链接；原表来源：https://movie.douban.com/subject_search?search_text=2046%20%E7%8E%8B%E5%AE%B6%E5%8D%AB,https://movie.douban.com/subject_search?search_text=2046%20%E7%8E%8B%E5%AE%B6%E5%8D%AB,作者电影与都市记忆代表
114,王家卫,男,香港,蓝莓之夜,2007,剧情/爱情,当代,美国公路、纽约等,女性,第一番位为女性,公开主演表/剧情简介补判为女性第一主角,公开剧情简介、原表来源链接；原表来源：https://movie.douban.com/subject_search?search_text=%E8%93%9D%E8%8E%93%E4%B9%8B%E5%A4%9C%20%E7%8E%8B%E5%AE%B6%E5%8D%AB,https://movie.douban.com/subject_search?search_text=%E8%93%9D%E8%8E%93%E4%B9%8B%E5%A4%9C%20%E7%8E%8B%E5%AE%B6%E5%8D%AB,跨语际作者片代表
115,王家卫,男,香港,一代宗师,2013,剧情/动作/传记,20世纪30-50年代,广东佛山、香港、东北等,不适用,双主角/群像,剧情简介显示为双主角、多线叙事、系列群像或拼盘结构,公开剧情简介、原表来源链接；原表来源：https://movie.douban.com/subject_search?search_text=%E4%B8%80%E4%BB%A3%E5%AE%97%E5%B8%88%20%E7%8E%8B%E5%AE%B6%E5%8D%AB,https://movie.douban.com/subject_search?search_text=%E4%B8%80%E4%BB%A3%E5%AE%97%E5%B8%88%20%E7%8E%8B%E5%AE%B6%E5%8D%AB,武术传记与作者美学代表
116,杜琪峰,男,香港,PTU,2003,剧情/犯罪,当代,香港,男性,第一番位为男性,公开主演表/剧情简介补判为男性第一主角,公开剧情简介、原表来源链接；原表来源：https://movie.douban.com/subject_search?search_text=PTU%20%E6%9D%9C%E7%90%AA%E5%B3%B0,https://movie.douban.com/subject_search?search_text=PTU%20%E6%9D%9C%E7%90%AA%E5%B3%B0,银河映像警匪片代表
117,杜琪峰,男,香港,大事件,2004,动作/犯罪/剧情,当代,香港,男性,第一番位为男性,公开主演表/剧情简介补判为男性第一主角,公开剧情简介、原表来源链接；原表来源：https://movie.douban.com/subject_search?search_text=%E5%A4%A7%E4%BA%8B%E4%BB%B6%20%E6%9D%9C%E7%90%AA%E5%B3%B0,https://movie.douban.com/subject_search?search_text=%E5%A4%A7%E4%BA%8B%E4%BB%B6%20%E6%9D%9C%E7%90%AA%E5%B3%B0,媒体时代警匪片代表
118,杜琪峰,男,香港,黑社会,2005,剧情/犯罪,当代,香港,不适用,双主角/群像,剧情简介显示为双主角、多线叙事、系列群像或拼盘结构,公开剧情简介、原表来源链接；原表来源：https://movie.douban.com/subject_search?search_text=%E9%BB%91%E7%A4%BE%E4%BC%9A%20%E6%9D%9C%E7%90%AA%E5%B3%B0,https://movie.douban.com/subject_search?search_text=%E9%BB%91%E7%A4%BE%E4%BC%9A%20%E6%9D%9C%E7%90%AA%E5%B3%B0,香港黑帮片代表
119,杜琪峰,男,香港,黑社会2：以和为贵,2006,剧情/犯罪,当代,香港、广东政治经济空间,不适用,双主角/群像,剧情简介显示为双主角、多线叙事、系列群像或拼盘结构,公开剧情简介、原表来源链接；原表来源：https://movie.douban.com/subject_search?search_text=%E9%BB%91%E7%A4%BE%E4%BC%9A2%EF%BC%9A%E4%BB%A5%E5%92%8C%E4%B8%BA%E8%B4%B5%20%E6%9D%9C%E7%90%AA%E5%B3%B0,https://movie.douban.com/subject_search?search_text=%E9%BB%91%E7%A4%BE%E4%BC%9A2%EF%BC%9A%E4%BB%A5%E5%92%8C%E4%B8%BA%E8%B4%B5%20%E6%9D%9C%E7%90%AA%E5%B3%B0,黑帮政治寓言代表
120,杜琪峰,男,香港,放逐,2006,动作/犯罪/惊悚,1998年前后,澳门,不适用,双主角/群像,剧情简介显示为双主角、多线叙事、系列群像或拼盘结构,公开剧情简介、原表来源链接；原表来源：https://movie.douban.com/subject_search?search_text=%E6%94%BE%E9%80%90%20%E6%9D%9C%E7%90%AA%E5%B3%B0,https://movie.douban.com/subject_search?search_text=%E6%94%BE%E9%80%90%20%E6%9D%9C%E7%90%AA%E5%B3%B0,澳门枪战片代表
121,杜琪峰,男,香港,神探,2007,动作/悬疑/犯罪,当代,香港,男性,第一番位为男性,公开主演表/剧情简介补判为男性第一主角,公开剧情简介、原表来源链接；原表来源：https://movie.douban.com/subject_search?search_text=%E7%A5%9E%E6%8E%A2%20%E6%9D%9C%E7%90%AA%E5%B3%B0,https://movie.douban.com/subject_search?search_text=%E7%A5%9E%E6%8E%A2%20%E6%9D%9C%E7%90%AA%E5%B3%B0,心理犯罪类型片代表
122,杜琪峰,男,香港,夺命金,2011,剧情/犯罪,2008金融危机时期,香港,不适用,双主角/群像,剧情简介显示为双主角、多线叙事、系列群像或拼盘结构,公开剧情简介、原表来源链接；原表来源：https://movie.douban.com/subject_search?search_text=%E5%A4%BA%E5%91%BD%E9%87%91%20%E6%9D%9C%E7%90%AA%E5%B3%B0,https://movie.douban.com/subject_search?search_text=%E5%A4%BA%E5%91%BD%E9%87%91%20%E6%9D%9C%E7%90%AA%E5%B3%B0,金融危机犯罪片代表
123,杜琪峰,男,香港,毒战,2012,动作/犯罪,当代,天津/中国内地缉毒空间,不适用,双主角/群像,剧情简介显示为双主角、多线叙事、系列群像或拼盘结构,公开剧情简介、原表来源链接；原表来源：https://movie.douban.com/subject_search?search_text=%E6%AF%92%E6%88%98%20%E6%9D%9C%E7%90%AA%E5%B3%B0,https://movie.douban.com/subject_search?search_text=%E6%AF%92%E6%88%98%20%E6%9D%9C%E7%90%AA%E5%B3%B0,内地合拍警匪片代表
124,杜琪峰,男,香港,三人行,2016,动作/犯罪/剧情,当代,香港医院,男性,第一番位为男性,公开主演表/剧情简介补判为男性第一主角,公开剧情简介、原表来源链接；原表来源：https://movie.douban.com/subject_search?search_text=%E4%B8%89%E4%BA%BA%E8%A1%8C%20%E6%9D%9C%E7%90%AA%E5%B3%B0,https://movie.douban.com/subject_search?search_text=%E4%B8%89%E4%BA%BA%E8%A1%8C%20%E6%9D%9C%E7%90%AA%E5%B3%B0,封闭空间警匪片代表
125,徐克,男,香港,顺流逆流,2000,动作/犯罪,当代,香港、南美等跨境空间,男性,第一番位为男性,公开主演表/剧情简介补判为男性第一主角,公开剧情简介、原表来源链接；原表来源：https://movie.douban.com/subject_search?search_text=%E9%A1%BA%E6%B5%81%E9%80%86%E6%B5%81%20%E5%BE%90%E5%85%8B,https://movie.douban.com/subject_search?search_text=%E9%A1%BA%E6%B5%81%E9%80%86%E6%B5%81%20%E5%BE%90%E5%85%8B,新世纪港式动作代表
126,徐克,男,香港,七剑,2005,动作/武侠/古装,明末清初,新疆天山与西北边地,不适用,双主角/群像,剧情简介显示为双主角、多线叙事、系列群像或拼盘结构,公开剧情简介、原表来源链接；原表来源：https://movie.douban.com/subject_search?search_text=%E4%B8%83%E5%89%91%20%E5%BE%90%E5%85%8B,https://movie.douban.com/subject_search?search_text=%E4%B8%83%E5%89%91%20%E5%BE%90%E5%85%8B,新武侠大片代表
127,徐克,男,香港,狄仁杰之通天帝国,2010,动作/悬疑/古装,唐代武周时期,洛阳,男性,第一番位为男性,公开主演表/剧情简介补判为男性第一主角,公开剧情简介、原表来源链接；原表来源：https://movie.douban.com/subject_search?search_text=%E7%8B%84%E4%BB%81%E6%9D%B0%E4%B9%8B%E9%80%9A%E5%A4%A9%E5%B8%9D%E5%9B%BD%20%E5%BE%90%E5%85%8B,https://movie.douban.com/subject_search?search_text=%E7%8B%84%E4%BB%81%E6%9D%B0%E4%B9%8B%E9%80%9A%E5%A4%A9%E5%B8%9D%E5%9B%BD%20%E5%BE%90%E5%85%8B,古装悬疑大片代表
128,徐克,男,香港,龙门飞甲,2011,动作/武侠/古装,明代/古代武侠世界,龙门客栈、西北大漠,不适用,双主角/群像,剧情简介显示为双主角、多线叙事、系列群像或拼盘结构,公开剧情简介、原表来源链接；原表来源：https://movie.douban.com/subject_search?search_text=%E9%BE%99%E9%97%A8%E9%A3%9E%E7%94%B2%20%E5%BE%90%E5%85%8B,https://movie.douban.com/subject_search?search_text=%E9%BE%99%E9%97%A8%E9%A3%9E%E7%94%B2%20%E5%BE%90%E5%85%8B,3D武侠商业片代表
129,徐克,男,香港,智取威虎山,2014,战争/动作/冒险,1946年前后/解放战争初期,东北林海雪原,不适用,双主角/群像,剧情简介显示为双主角、多线叙事、系列群像或拼盘结构,公开剧情简介、原表来源链接；原表来源：https://movie.douban.com/subject_search?search_text=%E6%99%BA%E5%8F%96%E5%A8%81%E8%99%8E%E5%B1%B1%20%E5%BE%90%E5%85%8B,https://movie.douban.com/subject_search?search_text=%E6%99%BA%E5%8F%96%E5%A8%81%E8%99%8E%E5%B1%B1%20%E5%BE%90%E5%85%8B,红色经典类型化改编代表
130,徐克,男,香港,西游伏妖篇,2017,喜剧/奇幻/动作,唐代神话/西游世界,长安与妖魔空间,男性,第一番位为男性,公开主演表/剧情简介补判为男性第一主角,公开剧情简介、原表来源链接；原表来源：https://movie.douban.com/subject_search?search_text=%E8%A5%BF%E6%B8%B8%E4%BC%8F%E5%A6%96%E7%AF%87%20%E5%BE%90%E5%85%8B,https://movie.douban.com/subject_search?search_text=%E8%A5%BF%E6%B8%B8%E4%BC%8F%E5%A6%96%E7%AF%87%20%E5%BE%90%E5%85%8B,神话IP商业片代表
131,徐克,男,香港,长津湖之水门桥,2022,战争/历史,1950年冬/抗美援朝时期,朝鲜水门桥,不适用,双主角/群像,剧情简介显示为双主角、多线叙事、系列群像或拼盘结构,公开剧情简介、原表来源链接；原表来源：https://movie.douban.com/subject_search?search_text=%E9%95%BF%E6%B4%A5%E6%B9%96%E4%B9%8B%E6%B0%B4%E9%97%A8%E6%A1%A5%20%E5%BE%90%E5%85%8B,https://movie.douban.com/subject_search?search_text=%E9%95%BF%E6%B4%A5%E6%B9%96%E4%B9%8B%E6%B0%B4%E9%97%A8%E6%A1%A5%20%E5%BE%90%E5%85%8B,战争大片续作代表
132,陈可辛,男,香港/大陆,如果·爱,2005,爱情/歌舞/剧情,当代,上海、北京等演艺都市空间,不适用,双主角/群像,剧情简介显示为双主角、多线叙事、系列群像或拼盘结构,公开剧情简介、原表来源链接；原表来源：https://movie.douban.com/subject_search?search_text=%E5%A6%82%E6%9E%9C%C2%B7%E7%88%B1%20%E9%99%88%E5%8F%AF%E8%BE%9B,https://movie.douban.com/subject_search?search_text=%E5%A6%82%E6%9E%9C%C2%B7%E7%88%B1%20%E9%99%88%E5%8F%AF%E8%BE%9B,华语歌舞片代表
133,陈可辛,男,香港/大陆,投名状,2007,战争/动作/历史,清末/太平天国后,江南战场与晚清军营,不适用,双主角/群像,剧情简介显示为双主角、多线叙事、系列群像或拼盘结构,公开剧情简介、原表来源链接；原表来源：https://movie.douban.com/subject_search?search_text=%E6%8A%95%E5%90%8D%E7%8A%B6%20%E9%99%88%E5%8F%AF%E8%BE%9B,https://movie.douban.com/subject_search?search_text=%E6%8A%95%E5%90%8D%E7%8A%B6%20%E9%99%88%E5%8F%AF%E8%BE%9B,古装战争大片代表
134,陈可辛,男,香港/大陆,武侠,2011,动作/悬疑/武侠,民国初年/武侠世界,岭南村镇/刘家村,男性,第一番位为男性,公开主演表/剧情简介补判为男性第一主角,公开剧情简介、原表来源链接；原表来源：https://movie.douban.com/subject_search?search_text=%E6%AD%A6%E4%BE%A0%20%E9%99%88%E5%8F%AF%E8%BE%9B,https://movie.douban.com/subject_search?search_text=%E6%AD%A6%E4%BE%A0%20%E9%99%88%E5%8F%AF%E8%BE%9B,类型混合武侠代表
135,陈可辛,男,香港/大陆,中国合伙人,2013,剧情/传记,1980s-2000s,北京、美国,不适用,双主角/群像,剧情简介显示为双主角、多线叙事、系列群像或拼盘结构,公开剧情简介、原表来源链接；原表来源：https://movie.douban.com/subject_search?search_text=%E4%B8%AD%E5%9B%BD%E5%90%88%E4%BC%99%E4%BA%BA%20%E9%99%88%E5%8F%AF%E8%BE%9B,https://movie.douban.com/subject_search?search_text=%E4%B8%AD%E5%9B%BD%E5%90%88%E4%BC%99%E4%BA%BA%20%E9%99%88%E5%8F%AF%E8%BE%9B,创业年代片代表
136,陈可辛,男,香港/大陆,夺冠,2020,剧情/运动/传记,1980s-2016前后,中国女排训练与比赛地,不适用,双主角/群像,剧情简介显示为双主角、多线叙事、系列群像或拼盘结构,公开剧情简介、原表来源链接；原表来源：https://movie.douban.com/subject_search?search_text=%E5%A4%BA%E5%86%A0%20%E9%99%88%E5%8F%AF%E8%BE%9B,https://movie.douban.com/subject_search?search_text=%E5%A4%BA%E5%86%A0%20%E9%99%88%E5%8F%AF%E8%BE%9B,体育传记片代表
137,叶伟信,男,香港,杀破狼,2005,动作/犯罪/剧情,当代,香港、澳门,男性,第一番位为男性,公开主演表/剧情简介补判为男性第一主角,公开剧情简介、原表来源链接；原表来源：https://movie.douban.com/subject_search?search_text=%E6%9D%80%E7%A0%B4%E7%8B%BC%20%E5%8F%B6%E4%BC%9F%E4%BF%A1,https://movie.douban.com/subject_search?search_text=%E6%9D%80%E7%A0%B4%E7%8B%BC%20%E5%8F%B6%E4%BC%9F%E4%BF%A1,硬派港式动作代表
138,叶伟信,男,香港,导火线,2007,动作/犯罪,当代,香港、澳门,男性,第一番位为男性,公开主演表/剧情简介补判为男性第一主角,公开剧情简介、原表来源链接；原表来源：https://movie.douban.com/subject_search?search_text=%E5%AF%BC%E7%81%AB%E7%BA%BF%20%E5%8F%B6%E4%BC%9F%E4%BF%A1,https://movie.douban.com/subject_search?search_text=%E5%AF%BC%E7%81%AB%E7%BA%BF%20%E5%8F%B6%E4%BC%9F%E4%BF%A1,现代搏击动作代表
139,叶伟信,男,香港,叶问,2008,动作/传记/历史,20世纪30年代,广东佛山,男性,第一番位为男性,公开主演表/剧情简介补判为男性第一主角,公开剧情简介、原表来源链接；原表来源：https://movie.douban.com/subject_search?search_text=%E5%8F%B6%E9%97%AE%20%E5%8F%B6%E4%BC%9F%E4%BF%A1,https://movie.douban.com/subject_search?search_text=%E5%8F%B6%E9%97%AE%20%E5%8F%B6%E4%BC%9F%E4%BF%A1,功夫传记系列代表
140,叶伟信,男,香港,叶问2,2010,动作/传记/历史,20世纪50年代,香港,男性,第一番位为男性,公开主演表/剧情简介补判为男性第一主角,公开剧情简介、原表来源链接；原表来源：https://movie.douban.com/subject_search?search_text=%E5%8F%B6%E9%97%AE2%20%E5%8F%B6%E4%BC%9F%E4%BF%A1,https://movie.douban.com/subject_search?search_text=%E5%8F%B6%E9%97%AE2%20%E5%8F%B6%E4%BC%9F%E4%BF%A1,功夫系列商业片代表
141,叶伟信,男,香港,叶问3,2015,动作/传记/历史,1959年前后,香港,男性,第一番位为男性,公开主演表/剧情简介补判为男性第一主角,公开剧情简介、原表来源链接；原表来源：https://movie.douban.com/subject_search?search_text=%E5%8F%B6%E9%97%AE3%20%E5%8F%B6%E4%BC%9F%E4%BF%A1,https://movie.douban.com/subject_search?search_text=%E5%8F%B6%E9%97%AE3%20%E5%8F%B6%E4%BC%9F%E4%BF%A1,功夫系列商业片代表
142,叶伟信,男,香港,杀破狼·贪狼,2017,动作/犯罪/剧情,当代,泰国,男性,第一番位为男性,公开主演表/剧情简介补判为男性第一主角,公开剧情简介、原表来源链接；原表来源：https://movie.douban.com/subject_search?search_text=%E6%9D%80%E7%A0%B4%E7%8B%BC%C2%B7%E8%B4%AA%E7%8B%BC%20%E5%8F%B6%E4%BC%9F%E4%BF%A1,https://movie.douban.com/subject_search?search_text=%E6%9D%80%E7%A0%B4%E7%8B%BC%C2%B7%E8%B4%AA%E7%8B%BC%20%E5%8F%B6%E4%BC%9F%E4%BF%A1,港式动作跨地域代表
143,叶伟信,男,香港,叶问4：完结篇,2019,动作/传记/历史,20世纪60年代,美国旧金山,男性,第一番位为男性,公开主演表/剧情简介补判为男性第一主角,公开剧情简介、原表来源链接；原表来源：https://movie.douban.com/subject_search?search_text=%E5%8F%B6%E9%97%AE4%EF%BC%9A%E5%AE%8C%E7%BB%93%E7%AF%87%20%E5%8F%B6%E4%BC%9F%E4%BF%A1,https://movie.douban.com/subject_search?search_text=%E5%8F%B6%E9%97%AE4%EF%BC%9A%E5%AE%8C%E7%BB%93%E7%AF%87%20%E5%8F%B6%E4%BC%9F%E4%BF%A1,功夫系列收官代表
144,林超贤,男,香港/大陆,证人,2008,动作/惊悚,当代,香港,男性,第一番位为男性,公开主演表/剧情简介补判为男性第一主角,公开剧情简介、原表来源链接；原表来源：https://movie.douban.com/subject_search?search_text=%E8%AF%81%E4%BA%BA%20%E6%9E%97%E8%B6%85%E8%B4%A4,https://movie.douban.com/subject_search?search_text=%E8%AF%81%E4%BA%BA%20%E6%9E%97%E8%B6%85%E8%B4%A4,港式动作犯罪代表
145,林超贤,男,香港/大陆,线人,2010,动作/犯罪/惊悚,当代,香港,男性,第一番位为男性,公开主演表/剧情简介补判为男性第一主角,公开剧情简介、原表来源链接；原表来源：https://movie.douban.com/subject_search?search_text=%E7%BA%BF%E4%BA%BA%20%E6%9E%97%E8%B6%85%E8%B4%A4,https://movie.douban.com/subject_search?search_text=%E7%BA%BF%E4%BA%BA%20%E6%9E%97%E8%B6%85%E8%B4%A4,卧底犯罪片代表
146,林超贤,男,香港/大陆,湄公河行动,2016,动作/犯罪,2011年前后,湄公河金三角、云南边境,男性,第一番位为男性,公开主演表/剧情简介补判为男性第一主角,公开剧情简介、原表来源链接；原表来源：https://movie.douban.com/subject_search?search_text=%E6%B9%84%E5%85%AC%E6%B2%B3%E8%A1%8C%E5%8A%A8%20%E6%9E%97%E8%B6%85%E8%B4%A4,https://movie.douban.com/subject_search?search_text=%E6%B9%84%E5%85%AC%E6%B2%B3%E8%A1%8C%E5%8A%A8%20%E6%9E%97%E8%B6%85%E8%B4%A4,新主流动作大片代表
147,林超贤,男,香港/大陆,红海行动,2018,动作/战争,当代/撤侨行动背景,中东/非洲虚构战乱国,男性,第一番位为男性,公开主演表/剧情简介补判为男性第一主角,公开剧情简介、原表来源链接；原表来源：https://movie.douban.com/subject_search?search_text=%E7%BA%A2%E6%B5%B7%E8%A1%8C%E5%8A%A8%20%E6%9E%97%E8%B6%85%E8%B4%A4,https://movie.douban.com/subject_search?search_text=%E7%BA%A2%E6%B5%B7%E8%A1%8C%E5%8A%A8%20%E6%9E%97%E8%B6%85%E8%B4%A4,军事动作大片代表
148,林超贤,男,香港/大陆,紧急救援,2020,动作/灾难,当代,中国海上救援与沿海城市,男性,第一番位为男性,公开主演表/剧情简介补判为男性第一主角,公开剧情简介、原表来源链接；原表来源：https://movie.douban.com/subject_search?search_text=%E7%B4%A7%E6%80%A5%E6%95%91%E6%8F%B4%20%E6%9E%97%E8%B6%85%E8%B4%A4,https://movie.douban.com/subject_search?search_text=%E7%B4%A7%E6%80%A5%E6%95%91%E6%8F%B4%20%E6%9E%97%E8%B6%85%E8%B4%A4,救援灾难商业片代表
149,林超贤,男,香港/大陆,长津湖,2021,战争/历史/剧情,1950年/抗美援朝时期,朝鲜长津湖地区,不适用,双主角/群像,剧情简介显示为双主角、多线叙事、系列群像或拼盘结构,公开剧情简介、原表来源链接；原表来源：https://movie.douban.com/subject_search?search_text=%E9%95%BF%E6%B4%A5%E6%B9%96%20%E6%9E%97%E8%B6%85%E8%B4%A4,https://movie.douban.com/subject_search?search_text=%E9%95%BF%E6%B4%A5%E6%B9%96%20%E6%9E%97%E8%B6%85%E8%B4%A4,共同导演战争大片代表
150,刘伟强,男,香港/大陆,无间道,2002,剧情/犯罪/惊悚,当代,香港,不适用,双主角/群像,剧情简介显示为双主角、多线叙事、系列群像或拼盘结构,公开剧情简介、原表来源链接；原表来源：https://movie.douban.com/subject_search?search_text=%E6%97%A0%E9%97%B4%E9%81%93%20%E5%88%98%E4%BC%9F%E5%BC%BA,https://movie.douban.com/subject_search?search_text=%E6%97%A0%E9%97%B4%E9%81%93%20%E5%88%98%E4%BC%9F%E5%BC%BA,港片警匪经典代表
151,刘伟强,男,香港/大陆,头文字D,2005,动作/剧情,当代,日本群马、香港,男性,第一番位为男性,公开主演表/剧情简介补判为男性第一主角,公开剧情简介、原表来源链接；原表来源：https://movie.douban.com/subject_search?search_text=%E5%A4%B4%E6%96%87%E5%AD%97D%20%E5%88%98%E4%BC%9F%E5%BC%BA,https://movie.douban.com/subject_search?search_text=%E5%A4%B4%E6%96%87%E5%AD%97D%20%E5%88%98%E4%BC%9F%E5%BC%BA,漫画改编赛车片代表
152,刘伟强,男,香港/大陆,精武风云·陈真,2010,动作/历史,20世纪20年代,上海,男性,第一番位为男性,公开主演表/剧情简介补判为男性第一主角,公开剧情简介、原表来源链接；原表来源：https://movie.douban.com/subject_search?search_text=%E7%B2%BE%E6%AD%A6%E9%A3%8E%E4%BA%91%C2%B7%E9%99%88%E7%9C%9F%20%E5%88%98%E4%BC%9F%E5%BC%BA,https://movie.douban.com/subject_search?search_text=%E7%B2%BE%E6%AD%A6%E9%A3%8E%E4%BA%91%C2%B7%E9%99%88%E7%9C%9F%20%E5%88%98%E4%BC%9F%E5%BC%BA,功夫历史商业片代表
153,刘伟强,男,香港/大陆,中国机长,2019,剧情/灾难/传记,当代,四川航空航班与重庆/成都航空空间,男性,第一番位为男性,公开主演表/剧情简介补判为男性第一主角,公开剧情简介、原表来源链接；原表来源：https://movie.douban.com/subject_search?search_text=%E4%B8%AD%E5%9B%BD%E6%9C%BA%E9%95%BF%20%E5%88%98%E4%BC%9F%E5%BC%BA,https://movie.douban.com/subject_search?search_text=%E4%B8%AD%E5%9B%BD%E6%9C%BA%E9%95%BF%20%E5%88%98%E4%BC%9F%E5%BC%BA,新主流灾难片代表
154,刘伟强,男,香港/大陆,中国医生,2021,剧情/灾难,2020年新冠疫情初期,湖北武汉,男性,第一番位为男性,公开主演表/剧情简介补判为男性第一主角,公开剧情简介、原表来源链接；原表来源：https://movie.douban.com/subject_search?search_text=%E4%B8%AD%E5%9B%BD%E5%8C%BB%E7%94%9F%20%E5%88%98%E4%BC%9F%E5%BC%BA,https://movie.douban.com/subject_search?search_text=%E4%B8%AD%E5%9B%BD%E5%8C%BB%E7%94%9F%20%E5%88%98%E4%BC%9F%E5%BC%BA,抗疫题材代表
155,麦兆辉,男,香港,无间道,2002,剧情/犯罪/惊悚,当代,香港,不适用,双主角/群像,剧情简介显示为双主角、多线叙事、系列群像或拼盘结构,公开剧情简介、原表来源链接；原表来源：https://movie.douban.com/subject_search?search_text=%E6%97%A0%E9%97%B4%E9%81%93%20%E9%BA%A6%E5%85%86%E8%BE%89,https://movie.douban.com/subject_search?search_text=%E6%97%A0%E9%97%B4%E9%81%93%20%E9%BA%A6%E5%85%86%E8%BE%89,共同导演警匪片代表
156,麦兆辉,男,香港,伤城,2006,剧情/犯罪/惊悚,当代,香港,男性,第一番位为男性,公开主演表/剧情简介补判为男性第一主角,公开剧情简介、原表来源链接；原表来源：https://movie.douban.com/subject_search?search_text=%E4%BC%A4%E5%9F%8E%20%E9%BA%A6%E5%85%86%E8%BE%89,https://movie.douban.com/subject_search?search_text=%E4%BC%A4%E5%9F%8E%20%E9%BA%A6%E5%85%86%E8%BE%89,警匪悬疑代表
157,麦兆辉,男,香港,窃听风云,2009,剧情/动作/惊悚,当代,香港,不适用,双主角/群像,剧情简介显示为双主角、多线叙事、系列群像或拼盘结构,公开剧情简介、原表来源链接；原表来源：https://movie.douban.com/subject_search?search_text=%E7%AA%83%E5%90%AC%E9%A3%8E%E4%BA%91%20%E9%BA%A6%E5%85%86%E8%BE%89,https://movie.douban.com/subject_search?search_text=%E7%AA%83%E5%90%AC%E9%A3%8E%E4%BA%91%20%E9%BA%A6%E5%85%86%E8%BE%89,金融犯罪警匪片代表
158,麦兆辉,男,香港,窃听风云2,2011,剧情/动作/悬疑,当代,香港,不适用,双主角/群像,剧情简介显示为双主角、多线叙事、系列群像或拼盘结构,公开剧情简介、原表来源链接；原表来源：https://movie.douban.com/subject_search?search_text=%E7%AA%83%E5%90%AC%E9%A3%8E%E4%BA%912%20%E9%BA%A6%E5%85%86%E8%BE%89,https://movie.douban.com/subject_search?search_text=%E7%AA%83%E5%90%AC%E9%A3%8E%E4%BA%912%20%E9%BA%A6%E5%85%86%E8%BE%89,系列警匪片代表
159,麦兆辉,男,香港,窃听风云3,2014,动作/悬疑/犯罪,当代,香港新界/土地与金融空间,不适用,双主角/群像,剧情简介显示为双主角、多线叙事、系列群像或拼盘结构,公开剧情简介、原表来源链接；原表来源：https://movie.douban.com/subject_search?search_text=%E7%AA%83%E5%90%AC%E9%A3%8E%E4%BA%913%20%E9%BA%A6%E5%85%86%E8%BE%89,https://movie.douban.com/subject_search?search_text=%E7%AA%83%E5%90%AC%E9%A3%8E%E4%BA%913%20%E9%BA%A6%E5%85%86%E8%BE%89,土地金融犯罪题材代表
160,麦兆辉,男,香港,廉政风云,2019,剧情/悬疑/犯罪,当代,香港、澳洲等,男性,第一番位为男性,公开主演表/剧情简介补判为男性第一主角,公开剧情简介、原表来源链接；原表来源：https://movie.douban.com/subject_search?search_text=%E5%BB%89%E6%94%BF%E9%A3%8E%E4%BA%91%20%E9%BA%A6%E5%85%86%E8%BE%89,https://movie.douban.com/subject_search?search_text=%E5%BB%89%E6%94%BF%E9%A3%8E%E4%BA%91%20%E9%BA%A6%E5%85%86%E8%BE%89,廉政犯罪片代表
161,庄文强,男,香港,窃听风云,2009,剧情/动作/惊悚,当代,香港,不适用,双主角/群像,剧情简介显示为双主角、多线叙事、系列群像或拼盘结构,公开剧情简介、原表来源链接；原表来源：https://movie.douban.com/subject_search?search_text=%E7%AA%83%E5%90%AC%E9%A3%8E%E4%BA%91%20%E5%BA%84%E6%96%87%E5%BC%BA,https://movie.douban.com/subject_search?search_text=%E7%AA%83%E5%90%AC%E9%A3%8E%E4%BA%91%20%E5%BA%84%E6%96%87%E5%BC%BA,共同导演金融犯罪片代表
162,庄文强,男,香港,窃听风云2,2011,剧情/动作/悬疑,当代,香港,不适用,双主角/群像,剧情简介显示为双主角、多线叙事、系列群像或拼盘结构,公开剧情简介、原表来源链接；原表来源：https://movie.douban.com/subject_search?search_text=%E7%AA%83%E5%90%AC%E9%A3%8E%E4%BA%912%20%E5%BA%84%E6%96%87%E5%BC%BA,https://movie.douban.com/subject_search?search_text=%E7%AA%83%E5%90%AC%E9%A3%8E%E4%BA%912%20%E5%BA%84%E6%96%87%E5%BC%BA,共同导演系列代表
163,庄文强,男,香港,无双,2018,剧情/动作/犯罪,当代,香港、泰国、加拿大等,不适用,双主角/群像,剧情简介显示为双主角、多线叙事、系列群像或拼盘结构,公开剧情简介、原表来源链接；原表来源：https://movie.douban.com/subject_search?search_text=%E6%97%A0%E5%8F%8C%20%E5%BA%84%E6%96%87%E5%BC%BA,https://movie.douban.com/subject_search?search_text=%E6%97%A0%E5%8F%8C%20%E5%BA%84%E6%96%87%E5%BC%BA,伪钞犯罪类型片代表
164,郑保瑞,男,香港,狗咬狗,2006,动作/犯罪/惊悚,当代,香港、柬埔寨,男性,第一番位为男性,公开主演表/剧情简介补判为男性第一主角,公开剧情简介、原表来源链接；原表来源：https://movie.douban.com/subject_search?search_text=%E7%8B%97%E5%92%AC%E7%8B%97%20%E9%83%91%E4%BF%9D%E7%91%9E,https://movie.douban.com/subject_search?search_text=%E7%8B%97%E5%92%AC%E7%8B%97%20%E9%83%91%E4%BF%9D%E7%91%9E,暗黑港式犯罪代表
165,郑保瑞,男,香港,意外,2009,悬疑/惊悚,当代,香港,男性,第一番位为男性,公开主演表/剧情简介补判为男性第一主角,公开剧情简介、原表来源链接；原表来源：https://movie.douban.com/subject_search?search_text=%E6%84%8F%E5%A4%96%20%E9%83%91%E4%BF%9D%E7%91%9E,https://movie.douban.com/subject_search?search_text=%E6%84%8F%E5%A4%96%20%E9%83%91%E4%BF%9D%E7%91%9E,犯罪悬疑类型片代表
166,郑保瑞,男,香港,西游记之大闹天宫,2014,动作/奇幻,神话时代/西游世界,天庭、花果山、东海等,不适用,双主角/群像,剧情简介显示为双主角、多线叙事、系列群像或拼盘结构,公开剧情简介、原表来源链接；原表来源：https://movie.douban.com/subject_search?search_text=%E8%A5%BF%E6%B8%B8%E8%AE%B0%E4%B9%8B%E5%A4%A7%E9%97%B9%E5%A4%A9%E5%AE%AB%20%E9%83%91%E4%BF%9D%E7%91%9E,https://movie.douban.com/subject_search?search_text=%E8%A5%BF%E6%B8%B8%E8%AE%B0%E4%B9%8B%E5%A4%A7%E9%97%B9%E5%A4%A9%E5%AE%AB%20%E9%83%91%E4%BF%9D%E7%91%9E,神话商业大片代表
167,郑保瑞,男,香港,杀破狼2,2015,动作/犯罪,当代,香港、泰国监狱,不适用,双主角/群像,剧情简介显示为双主角、多线叙事、系列群像或拼盘结构,公开剧情简介、原表来源链接；原表来源：https://movie.douban.com/subject_search?search_text=%E6%9D%80%E7%A0%B4%E7%8B%BC2%20%E9%83%91%E4%BF%9D%E7%91%9E,https://movie.douban.com/subject_search?search_text=%E6%9D%80%E7%A0%B4%E7%8B%BC2%20%E9%83%91%E4%BF%9D%E7%91%9E,港式动作系列代表
168,郑保瑞,男,香港,智齿,2021,犯罪/悬疑,当代,香港旧区/雨夜犯罪空间,男性,第一番位为男性,公开主演表/剧情简介补判为男性第一主角,公开剧情简介、原表来源链接；原表来源：https://movie.douban.com/subject_search?search_text=%E6%99%BA%E9%BD%BF%20%E9%83%91%E4%BF%9D%E7%91%9E,https://movie.douban.com/subject_search?search_text=%E6%99%BA%E9%BD%BF%20%E9%83%91%E4%BF%9D%E7%91%9E,黑白犯罪作者片代表
169,郑保瑞,男,香港,命案,2023,剧情/犯罪/悬疑,当代,香港,男性,第一番位为男性,公开主演表/剧情简介补判为男性第一主角,公开剧情简介、原表来源链接；原表来源：http://www.wikidata.org/entity/Q117663512,http://www.wikidata.org/entity/Q117663512,宿命犯罪片代表
170,郑保瑞,男,香港,九龙城寨之围城,2024,动作/犯罪,20世纪80年代,香港九龙城寨,不适用,双主角/群像,剧情简介显示为双主角、多线叙事、系列群像或拼盘结构,公开剧情简介、原表来源链接；原表来源：https://movie.douban.com/subject_search?search_text=%E4%B9%9D%E9%BE%99%E5%9F%8E%E5%AF%A8%E4%B9%8B%E5%9B%B4%E5%9F%8E%20%E9%83%91%E4%BF%9D%E7%91%9E,https://movie.douban.com/subject_search?search_text=%E4%B9%9D%E9%BE%99%E5%9F%8E%E5%AF%A8%E4%B9%8B%E5%9B%B4%E5%9F%8E%20%E9%83%91%E4%BF%9D%E7%91%9E,香港动作片复兴代表
171,陈国富,男,台湾/大陆,双瞳,2002,悬疑/惊悚/犯罪,当代,台北,男性,第一番位为男性,公开主演表/剧情简介补判为男性第一主角,公开剧情简介、原表来源链接；原表来源：https://movie.douban.com/subject_search?search_text=%E5%8F%8C%E7%9E%B3%20%E9%99%88%E5%9B%BD%E5%AF%8C,https://movie.douban.com/subject_search?search_text=%E5%8F%8C%E7%9E%B3%20%E9%99%88%E5%9B%BD%E5%AF%8C,华语惊悚合拍片代表
172,陈国富,男,台湾/大陆,风声,2009,谍战/剧情/惊悚,抗战时期/汪伪政权背景,浙江裘庄/华东敌占区,不适用,双主角/群像,剧情简介显示为双主角、多线叙事、系列群像或拼盘结构,公开剧情简介、原表来源链接；原表来源：https://movie.douban.com/subject_search?search_text=%E9%A3%8E%E5%A3%B0%20%E9%99%88%E5%9B%BD%E5%AF%8C,https://movie.douban.com/subject_search?search_text=%E9%A3%8E%E5%A3%B0%20%E9%99%88%E5%9B%BD%E5%AF%8C,谍战类型片代表
173,陈正道,男,台湾/大陆,盛夏光年,2006,剧情/爱情/青春,当代/青春回忆,台湾台北、宜兰等,男性,第一番位为男性,公开主演表/剧情简介补判为男性第一主角,公开剧情简介、原表来源链接；原表来源：https://movie.douban.com/subject_search?search_text=%E7%9B%9B%E5%A4%8F%E5%85%89%E5%B9%B4%20%E9%99%88%E6%AD%A3%E9%81%93,https://movie.douban.com/subject_search?search_text=%E7%9B%9B%E5%A4%8F%E5%85%89%E5%B9%B4%20%E9%99%88%E6%AD%A3%E9%81%93,台湾青春片代表
174,陈正道,男,台湾/大陆,催眠大师,2014,悬疑/惊悚,当代,中国城市/心理咨询空间,男性,第一番位为男性,公开主演表/剧情简介补判为男性第一主角,公开剧情简介、原表来源链接；原表来源：https://movie.douban.com/subject_search?search_text=%E5%82%AC%E7%9C%A0%E5%A4%A7%E5%B8%88%20%E9%99%88%E6%AD%A3%E9%81%93,https://movie.douban.com/subject_search?search_text=%E5%82%AC%E7%9C%A0%E5%A4%A7%E5%B8%88%20%E9%99%88%E6%AD%A3%E9%81%93,心理悬疑商业片代表
175,陈正道,男,台湾/大陆,重返20岁,2015,喜剧/爱情/奇幻,当代/奇幻返老,中国城市,男性,第一番位为男性,公开主演表/剧情简介补判为男性第一主角,公开剧情简介、原表来源链接；原表来源：https://movie.douban.com/subject_search?search_text=%E9%87%8D%E8%BF%9420%E5%B2%81%20%E9%99%88%E6%AD%A3%E9%81%93,https://movie.douban.com/subject_search?search_text=%E9%87%8D%E8%BF%9420%E5%B2%81%20%E9%99%88%E6%AD%A3%E9%81%93,翻拍喜剧代表
176,侯孝贤,男,台湾,千禧曼波,2001,剧情/爱情,2001年前后,台北,女性,第一番位为女性,公开主演表/剧情简介补判为女性第一主角,公开剧情简介、原表来源链接；原表来源：https://movie.douban.com/subject_search?search_text=%E5%8D%83%E7%A6%A7%E6%9B%BC%E6%B3%A2%20%E4%BE%AF%E5%AD%9D%E8%B4%A4,https://movie.douban.com/subject_search?search_text=%E5%8D%83%E7%A6%A7%E6%9B%BC%E6%B3%A2%20%E4%BE%AF%E5%AD%9D%E8%B4%A4,台湾作者电影代表
177,侯孝贤,男,台湾,咖啡时光,2003,剧情,当代,日本东京,女性,第一番位为女性,公开主演表/剧情简介补判为女性第一主角,公开剧情简介、原表来源链接；原表来源：https://movie.douban.com/subject_search?search_text=%E5%92%96%E5%95%A1%E6%97%B6%E5%85%89%20%E4%BE%AF%E5%AD%9D%E8%B4%A4,https://movie.douban.com/subject_search?search_text=%E5%92%96%E5%95%A1%E6%97%B6%E5%85%89%20%E4%BE%AF%E5%AD%9D%E8%B4%A4,跨国作者电影代表
178,侯孝贤,男,台湾,最好的时光,2005,剧情/爱情,1911、1966、2005三个时段,台湾大稻埕、高雄、台北等,不适用,双主角/群像,剧情简介显示为双主角、多线叙事、系列群像或拼盘结构,公开剧情简介、原表来源链接；原表来源：https://movie.douban.com/subject_search?search_text=%E6%9C%80%E5%A5%BD%E7%9A%84%E6%97%B6%E5%85%89%20%E4%BE%AF%E5%AD%9D%E8%B4%A4,https://movie.douban.com/subject_search?search_text=%E6%9C%80%E5%A5%BD%E7%9A%84%E6%97%B6%E5%85%89%20%E4%BE%AF%E5%AD%9D%E8%B4%A4,三段式年代爱情代表
179,侯孝贤,男,台湾,红气球之旅,2007,剧情,当代,法国巴黎,男性,第一番位为男性,公开主演表/剧情简介补判为男性第一主角,公开剧情简介、原表来源链接；原表来源：https://movie.douban.com/subject_search?search_text=%E7%BA%A2%E6%B0%94%E7%90%83%E4%B9%8B%E6%97%85%20%E4%BE%AF%E5%AD%9D%E8%B4%A4,https://movie.douban.com/subject_search?search_text=%E7%BA%A2%E6%B0%94%E7%90%83%E4%B9%8B%E6%97%85%20%E4%BE%AF%E5%AD%9D%E8%B4%A4,法语作者电影代表
180,侯孝贤,男,台湾,刺客聂隐娘,2015,剧情/武侠/古装,唐代/古代武侠世界,中国山林与边地,女性,第一番位为女性,公开主演表/剧情简介补判为女性第一主角,公开剧情简介、原表来源链接；原表来源：https://movie.douban.com/subject_search?search_text=%E5%88%BA%E5%AE%A2%E8%81%82%E9%9A%90%E5%A8%98%20%E4%BE%AF%E5%AD%9D%E8%B4%A4,https://movie.douban.com/subject_search?search_text=%E5%88%BA%E5%AE%A2%E8%81%82%E9%9A%90%E5%A8%98%20%E4%BE%AF%E5%AD%9D%E8%B4%A4,台湾作者武侠代表
181,杨德昌,男,台湾,一一,2000,剧情/家庭,当代,台北,不适用,双主角/群像,剧情简介显示为双主角、多线叙事、系列群像或拼盘结构,公开剧情简介、原表来源链接；原表来源：https://movie.douban.com/subject_search?search_text=%E4%B8%80%E4%B8%80%20%E6%9D%A8%E5%BE%B7%E6%98%8C,https://movie.douban.com/subject_search?search_text=%E4%B8%80%E4%B8%80%20%E6%9D%A8%E5%BE%B7%E6%98%8C,台湾新电影经典代表
182,蔡明亮,男,台湾/马来西亚,你那边几点,2001,剧情/爱情,当代,台北、巴黎时差意象,男性,第一番位为男性,公开主演表/剧情简介补判为男性第一主角,公开剧情简介、原表来源链接；原表来源：https://movie.douban.com/subject_search?search_text=%E4%BD%A0%E9%82%A3%E8%BE%B9%E5%87%A0%E7%82%B9%20%E8%94%A1%E6%98%8E%E4%BA%AE,https://movie.douban.com/subject_search?search_text=%E4%BD%A0%E9%82%A3%E8%BE%B9%E5%87%A0%E7%82%B9%20%E8%94%A1%E6%98%8E%E4%BA%AE,台湾作者电影代表
183,蔡明亮,男,台湾/马来西亚,不散,2003,剧情,当代,台北福和大戏院,男性,第一番位为男性,公开主演表/剧情简介补判为男性第一主角,公开剧情简介、原表来源链接；原表来源：https://movie.douban.com/subject_search?search_text=%E4%B8%8D%E6%95%A3%20%E8%94%A1%E6%98%8E%E4%BA%AE,https://movie.douban.com/subject_search?search_text=%E4%B8%8D%E6%95%A3%20%E8%94%A1%E6%98%8E%E4%BA%AE,影院空间与作者电影代表
184,蔡明亮,男,台湾/马来西亚,天边一朵云,2005,剧情/喜剧/歌舞,当代,台北,不适用,双主角/群像,剧情简介显示为双主角、多线叙事、系列群像或拼盘结构,公开剧情简介、原表来源链接；原表来源：https://movie.douban.com/subject_search?search_text=%E5%A4%A9%E8%BE%B9%E4%B8%80%E6%9C%B5%E4%BA%91%20%E8%94%A1%E6%98%8E%E4%BA%AE,https://movie.douban.com/subject_search?search_text=%E5%A4%A9%E8%BE%B9%E4%B8%80%E6%9C%B5%E4%BA%91%20%E8%94%A1%E6%98%8E%E4%BA%AE,荒诞都市作者片代表
185,蔡明亮,男,台湾/马来西亚,黑眼圈,2006,剧情,当代,马来西亚吉隆坡/移民居住空间,男性,第一番位为男性,公开主演表/剧情简介补判为男性第一主角,公开剧情简介、原表来源链接；原表来源：https://movie.douban.com/subject_search?search_text=%E9%BB%91%E7%9C%BC%E5%9C%88%20%E8%94%A1%E6%98%8E%E4%BA%AE,https://movie.douban.com/subject_search?search_text=%E9%BB%91%E7%9C%BC%E5%9C%88%20%E8%94%A1%E6%98%8E%E4%BA%AE,跨国华语作者电影代表
186,蔡明亮,男,台湾/马来西亚,脸,2009,剧情,当代,法国巴黎/卢浮宫,男性,第一番位为男性,公开主演表/剧情简介补判为男性第一主角,公开剧情简介、原表来源链接；原表来源：https://movie.douban.com/subject_search?search_text=%E8%84%B8%20%E8%94%A1%E6%98%8E%E4%BA%AE,https://movie.douban.com/subject_search?search_text=%E8%84%B8%20%E8%94%A1%E6%98%8E%E4%BA%AE,跨语际美术馆电影代表
187,蔡明亮,男,台湾/马来西亚,郊游,2013,剧情,当代,台北郊区/城市边缘,男性,第一番位为男性,公开主演表/剧情简介补判为男性第一主角,公开剧情简介、原表来源链接；原表来源：https://movie.douban.com/subject_search?search_text=%E9%83%8A%E6%B8%B8%20%E8%94%A1%E6%98%8E%E4%BA%AE,https://movie.douban.com/subject_search?search_text=%E9%83%8A%E6%B8%B8%20%E8%94%A1%E6%98%8E%E4%BA%AE,极简作者电影代表
188,蔡明亮,男,台湾/马来西亚,日子,2020,剧情,当代,台湾、香港、泰国等极简生活空间,男性,第一番位为男性,公开主演表/剧情简介补判为男性第一主角,公开剧情简介、原表来源链接；原表来源：https://movie.douban.com/subject_search?search_text=%E6%97%A5%E5%AD%90%20%E8%94%A1%E6%98%8E%E4%BA%AE,https://movie.douban.com/subject_search?search_text=%E6%97%A5%E5%AD%90%20%E8%94%A1%E6%98%8E%E4%BA%AE,晚期作者电影代表
189,李安,男,台湾/美国,卧虎藏龙,2000,武侠/动作/爱情,清代/古代江湖,中国江南、京城与西部边地,不适用,双主角/群像,剧情简介显示为双主角、多线叙事、系列群像或拼盘结构,公开剧情简介、原表来源链接；原表来源：https://movie.douban.com/subject_search?search_text=%E5%8D%A7%E8%99%8E%E8%97%8F%E9%BE%99%20%E6%9D%8E%E5%AE%89,https://movie.douban.com/subject_search?search_text=%E5%8D%A7%E8%99%8E%E8%97%8F%E9%BE%99%20%E6%9D%8E%E5%AE%89,国际华语武侠代表
190,李安,男,台湾/美国,绿巨人浩克,2003,科幻/动作,当代,美国旧金山/伯克利,男性,第一番位为男性,公开主演表/剧情简介补判为男性第一主角,公开剧情简介、原表来源链接；原表来源：https://movie.douban.com/subject_search?search_text=%E7%BB%BF%E5%B7%A8%E4%BA%BA%E6%B5%A9%E5%85%8B%20%E6%9D%8E%E5%AE%89,https://movie.douban.com/subject_search?search_text=%E7%BB%BF%E5%B7%A8%E4%BA%BA%E6%B5%A9%E5%85%8B%20%E6%9D%8E%E5%AE%89,华裔导演好莱坞类型片代表
191,李安,男,台湾/美国,断背山,2005,剧情/爱情/同性,1963-1983年前后,美国怀俄明、德克萨斯等,男性,第一番位为男性,公开主演表/剧情简介补判为男性第一主角,公开剧情简介、原表来源链接；原表来源：https://movie.douban.com/subject_search?search_text=%E6%96%AD%E8%83%8C%E5%B1%B1%20%E6%9D%8E%E5%AE%89,https://movie.douban.com/subject_search?search_text=%E6%96%AD%E8%83%8C%E5%B1%B1%20%E6%9D%8E%E5%AE%89,国际获奖作者商业片代表
192,李安,男,台湾/美国,色，戒,2007,剧情/爱情/历史,1938-1942年,日占上海、香港,男性,第一番位为男性,公开主演表/剧情简介补判为男性第一主角,公开剧情简介、原表来源链接；原表来源：https://movie.douban.com/subject_search?search_text=%E8%89%B2%EF%BC%8C%E6%88%92%20%E6%9D%8E%E5%AE%89,https://movie.douban.com/subject_search?search_text=%E8%89%B2%EF%BC%8C%E6%88%92%20%E6%9D%8E%E5%AE%89,华语历史爱情片代表
193,李安,男,台湾/美国,少年派的奇幻漂流,2012,剧情/冒险/奇幻,当代/少年漂流寓言,印度、太平洋、墨西哥/加拿大叙述框架,不适用,双主角/群像,剧情简介显示为双主角、多线叙事、系列群像或拼盘结构,公开剧情简介、原表来源链接；原表来源：https://movie.douban.com/subject_search?search_text=%E5%B0%91%E5%B9%B4%E6%B4%BE%E7%9A%84%E5%A5%87%E5%B9%BB%E6%BC%82%E6%B5%81%20%E6%9D%8E%E5%AE%89,https://movie.douban.com/subject_search?search_text=%E5%B0%91%E5%B9%B4%E6%B4%BE%E7%9A%84%E5%A5%87%E5%B9%BB%E6%BC%82%E6%B5%81%20%E6%9D%8E%E5%AE%89,国际视效与文学改编代表
194,李安,男,台湾/美国,比利·林恩的中场战事,2016,剧情/战争,2004年伊拉克战争后与美国赛事日,美国、伊拉克战场记忆,男性,第一番位为男性,公开主演表/剧情简介补判为男性第一主角,公开剧情简介、原表来源链接；原表来源：https://movie.douban.com/subject_search?search_text=%E6%AF%94%E5%88%A9%C2%B7%E6%9E%97%E6%81%A9%E7%9A%84%E4%B8%AD%E5%9C%BA%E6%88%98%E4%BA%8B%20%E6%9D%8E%E5%AE%89,https://movie.douban.com/subject_search?search_text=%E6%AF%94%E5%88%A9%C2%B7%E6%9E%97%E6%81%A9%E7%9A%84%E4%B8%AD%E5%9C%BA%E6%88%98%E4%BA%8B%20%E6%9D%8E%E5%AE%89,高帧率技术实验代表
195,李安,男,台湾/美国,双子杀手,2019,动作/科幻,近未来,美国、欧洲与跨国行动空间,男性,第一番位为男性,公开主演表/剧情简介补判为男性第一主角,公开剧情简介、原表来源链接；原表来源：https://movie.douban.com/subject_search?search_text=%E5%8F%8C%E5%AD%90%E6%9D%80%E6%89%8B%20%E6%9D%8E%E5%AE%89,https://movie.douban.com/subject_search?search_text=%E5%8F%8C%E5%AD%90%E6%9D%80%E6%89%8B%20%E6%9D%8E%E5%AE%89,高帧率动作技术实验代表
196,魏德圣,男,台湾,海角七号,2008,剧情/喜剧/爱情,当代,台湾恒春,不适用,双主角/群像,剧情简介显示为双主角、多线叙事、系列群像或拼盘结构,公开剧情简介、原表来源链接；原表来源：https://movie.douban.com/subject_search?search_text=%E6%B5%B7%E8%A7%92%E4%B8%83%E5%8F%B7%20%E9%AD%8F%E5%BE%B7%E5%9C%A3,https://movie.douban.com/subject_search?search_text=%E6%B5%B7%E8%A7%92%E4%B8%83%E5%8F%B7%20%E9%AD%8F%E5%BE%B7%E5%9C%A3,台湾本土商业片复兴代表
197,魏德圣,男,台湾,赛德克·巴莱,2011,历史/战争/剧情,1930年雾社事件时期,台湾南投雾社,不适用,双主角/群像,剧情简介显示为双主角、多线叙事、系列群像或拼盘结构,公开剧情简介、历史事件资料、原表来源链接；原表来源：https://movie.douban.com/subject_search?search_text=%E8%B5%9B%E5%BE%B7%E5%85%8B%C2%B7%E5%B7%B4%E8%8E%B1%20%E9%AD%8F%E5%BE%B7%E5%9C%A3,https://movie.douban.com/subject_search?search_text=%E8%B5%9B%E5%BE%B7%E5%85%8B%C2%B7%E5%B7%B4%E8%8E%B1%20%E9%AD%8F%E5%BE%B7%E5%9C%A3,台湾史诗历史片代表
198,魏德圣,男,台湾,52赫兹，我爱你,2017,爱情/歌舞,当代,台北,不适用,双主角/群像,剧情简介显示为双主角、多线叙事、系列群像或拼盘结构,公开剧情简介、原表来源链接；原表来源：https://movie.douban.com/subject_search?search_text=52%E8%B5%AB%E5%85%B9%EF%BC%8C%E6%88%91%E7%88%B1%E4%BD%A0%20%E9%AD%8F%E5%BE%B7%E5%9C%A3,https://movie.douban.com/subject_search?search_text=52%E8%B5%AB%E5%85%B9%EF%BC%8C%E6%88%91%E7%88%B1%E4%BD%A0%20%E9%AD%8F%E5%BE%B7%E5%9C%A3,台湾歌舞爱情片代表
199,钮承泽,男,台湾,情非得已之生存之道,2007,喜剧/剧情,当代,台北,男性,第一番位为男性,公开主演表/剧情简介补判为男性第一主角,公开剧情简介、原表来源链接；原表来源：https://movie.douban.com/subject_search?search_text=%E6%83%85%E9%9D%9E%E5%BE%97%E5%B7%B2%E4%B9%8B%E7%94%9F%E5%AD%98%E4%B9%8B%E9%81%93%20%E9%92%AE%E6%89%BF%E6%B3%BD,https://movie.douban.com/subject_search?search_text=%E6%83%85%E9%9D%9E%E5%BE%97%E5%B7%B2%E4%B9%8B%E7%94%9F%E5%AD%98%E4%B9%8B%E9%81%93%20%E9%92%AE%E6%89%BF%E6%B3%BD,台湾伪纪录/自反叙事代表
200,钮承泽,男,台湾,艋舺,2010,剧情/动作/犯罪,20世纪80年代,台北艋舺,男性,第一番位为男性,公开主演表/剧情简介补判为男性第一主角,公开剧情简介、原表来源链接；原表来源：https://movie.douban.com/subject_search?search_text=%E8%89%8B%E8%88%BA%20%E9%92%AE%E6%89%BF%E6%B3%BD,https://movie.douban.com/subject_search?search_text=%E8%89%8B%E8%88%BA%20%E9%92%AE%E6%89%BF%E6%B3%BD,台湾青春黑帮片代表
201,钮承泽,男,台湾,爱,2012,剧情/爱情,当代,台北、北京等两岸都市,不适用,双主角/群像,剧情简介显示为双主角、多线叙事、系列群像或拼盘结构,公开剧情简介、原表来源链接；原表来源：https://movie.douban.com/subject_search?search_text=%E7%88%B1%20%E9%92%AE%E6%89%BF%E6%B3%BD,https://movie.douban.com/subject_search?search_text=%E7%88%B1%20%E9%92%AE%E6%89%BF%E6%B3%BD,两岸都市爱情片代表
202,钮承泽,男,台湾,军中乐园,2014,剧情/历史,1969-1970年前后,台湾金门,不适用,双主角/群像,剧情简介显示为双主角、多线叙事、系列群像或拼盘结构,公开剧情简介、原表来源链接；原表来源：https://movie.douban.com/subject_search?search_text=%E5%86%9B%E4%B8%AD%E4%B9%90%E5%9B%AD%20%E9%92%AE%E6%89%BF%E6%B3%BD,https://movie.douban.com/subject_search?search_text=%E5%86%9B%E4%B8%AD%E4%B9%90%E5%9B%AD%20%E9%92%AE%E6%89%BF%E6%B3%BD,金门军中特约茶室题材代表
203,九把刀,男,台湾,那些年，我们一起追的女孩,2011,剧情/喜剧/爱情,20世纪90年代,台湾校园/彰化一带,男性,第一番位为男性,公开主演表/剧情简介补判为男性第一主角,公开剧情简介、原表来源链接；原表来源：https://movie.douban.com/subject_search?search_text=%E9%82%A3%E4%BA%9B%E5%B9%B4%EF%BC%8C%E6%88%91%E4%BB%AC%E4%B8%80%E8%B5%B7%E8%BF%BD%E7%9A%84%E5%A5%B3%E5%AD%A9%20%E4%B9%9D%E6%8A%8A%E5%88%80,https://movie.douban.com/subject_search?search_text=%E9%82%A3%E4%BA%9B%E5%B9%B4%EF%BC%8C%E6%88%91%E4%BB%AC%E4%B8%80%E8%B5%B7%E8%BF%BD%E7%9A%84%E5%A5%B3%E5%AD%A9%20%E4%B9%9D%E6%8A%8A%E5%88%80,台湾青春爱情片代表
204,九把刀,男,台湾,报告老师！怪怪怪怪物！,2017,剧情/恐怖/青春,当代,台湾校园,男性,第一番位为男性,公开主演表/剧情简介补判为男性第一主角,公开剧情简介、原表来源链接；原表来源：https://movie.douban.com/subject_search?search_text=%E6%8A%A5%E5%91%8A%E8%80%81%E5%B8%88%EF%BC%81%E6%80%AA%E6%80%AA%E6%80%AA%E6%80%AA%E7%89%A9%EF%BC%81%20%E4%B9%9D%E6%8A%8A%E5%88%80,https://movie.douban.com/subject_search?search_text=%E6%8A%A5%E5%91%8A%E8%80%81%E5%B8%88%EF%BC%81%E6%80%AA%E6%80%AA%E6%80%AA%E6%80%AA%E7%89%A9%EF%BC%81%20%E4%B9%9D%E6%8A%8A%E5%88%80,青春恐怖片代表
205,九把刀,男,台湾,月老,2021,爱情/奇幻,当代/冥界奇幻,台湾城市、冥界/奇幻空间,不适用,双主角/群像,剧情简介显示为双主角、多线叙事、系列群像或拼盘结构,公开剧情简介、原表来源链接；原表来源：https://movie.douban.com/subject_search?search_text=%E6%9C%88%E8%80%81%20%E4%B9%9D%E6%8A%8A%E5%88%80,https://movie.douban.com/subject_search?search_text=%E6%9C%88%E8%80%81%20%E4%B9%9D%E6%8A%8A%E5%88%80,台湾奇幻爱情片代表
206,九把刀,男,台湾,请问，还有哪里需要加强,2023,喜剧/爱情,当代,台湾台北/黑道与美发店空间,男性,第一番位为男性,公开主演表/剧情简介补判为男性第一主角,公开剧情简介、原表来源链接；原表来源：https://movie.douban.com/subject_search?search_text=%E8%AF%B7%E9%97%AE%EF%BC%8C%E8%BF%98%E6%9C%89%E5%93%AA%E9%87%8C%E9%9C%80%E8%A6%81%E5%8A%A0%E5%BC%BA%20%E4%B9%9D%E6%8A%8A%E5%88%80,https://movie.douban.com/subject_search?search_text=%E8%AF%B7%E9%97%AE%EF%BC%8C%E8%BF%98%E6%9C%89%E5%93%AA%E9%87%8C%E9%9C%80%E8%A6%81%E5%8A%A0%E5%BC%BA%20%E4%B9%9D%E6%8A%8A%E5%88%80,台湾都市爱情喜剧代表
207,钟孟宏,男,台湾,停车,2008,剧情,当代/一夜叙事,台北,不适用,双主角/群像,剧情简介显示为双主角、多线叙事、系列群像或拼盘结构,公开剧情简介、原表来源链接；原表来源：https://movie.douban.com/subject_search?search_text=%E5%81%9C%E8%BD%A6%20%E9%92%9F%E5%AD%9F%E5%AE%8F,https://movie.douban.com/subject_search?search_text=%E5%81%9C%E8%BD%A6%20%E9%92%9F%E5%AD%9F%E5%AE%8F,台湾城市荒诞叙事代表
208,钟孟宏,男,台湾,第四张画,2010,剧情,当代,台湾家庭与乡镇空间,不适用,双主角/群像,剧情简介显示为双主角、多线叙事、系列群像或拼盘结构,公开剧情简介、原表来源链接；原表来源：https://movie.douban.com/subject_search?search_text=%E7%AC%AC%E5%9B%9B%E5%BC%A0%E7%94%BB%20%E9%92%9F%E5%AD%9F%E5%AE%8F,https://movie.douban.com/subject_search?search_text=%E7%AC%AC%E5%9B%9B%E5%BC%A0%E7%94%BB%20%E9%92%9F%E5%AD%9F%E5%AE%8F,儿童视角家庭题材代表
209,钟孟宏,男,台湾,失魂,2013,剧情/惊悚,当代,台湾山林/家庭空间,男性,第一番位为男性,公开主演表/剧情简介补判为男性第一主角,公开剧情简介、原表来源链接；原表来源：https://movie.douban.com/subject_search?search_text=%E5%A4%B1%E9%AD%82%20%E9%92%9F%E5%AD%9F%E5%AE%8F,https://movie.douban.com/subject_search?search_text=%E5%A4%B1%E9%AD%82%20%E9%92%9F%E5%AD%9F%E5%AE%8F,心理惊悚作者片代表
210,柯汶利,男,马来西亚/大陆,误杀,2019,剧情/悬疑/犯罪,当代,泰国华人社区/小城,男性,第一番位为男性,公开主演表/剧情简介补判为男性第一主角,公开剧情简介、维基资料、原表来源链接；原表来源：https://movie.douban.com/subject_search?search_text=%E8%AF%AF%E6%9D%80%20%E6%9F%AF%E6%B1%B6%E5%88%A9,https://movie.douban.com/subject_search?search_text=%E8%AF%AF%E6%9D%80%20%E6%9F%AF%E6%B1%B6%E5%88%A9,悬疑翻拍商业片代表
211,柯汶利,男,马来西亚/大陆,默杀,2024,剧情/悬疑/犯罪,当代,东南亚华人城市/女子中学,男性,第一番位为男性,公开主演表/剧情简介补判为男性第一主角,公开剧情简介、原表来源链接；原表来源：https://movie.douban.com/subject_search?search_text=%E9%BB%98%E6%9D%80%20%E6%9F%AF%E6%B1%B6%E5%88%A9,https://movie.douban.com/subject_search?search_text=%E9%BB%98%E6%9D%80%20%E6%9F%AF%E6%B1%B6%E5%88%A9,华语悬疑犯罪片代表
212,陈哲艺,男,新加坡,爸妈不在家,2013,剧情/家庭,1997年亚洲金融危机时期,新加坡,男性,第一番位为男性,公开主演表/剧情简介补判为男性第一主角,公开剧情简介、原表来源链接；原表来源：https://movie.douban.com/subject_search?search_text=%E7%88%B8%E5%A6%88%E4%B8%8D%E5%9C%A8%E5%AE%B6%20%E9%99%88%E5%93%B2%E8%89%BA,https://movie.douban.com/subject_search?search_text=%E7%88%B8%E5%A6%88%E4%B8%8D%E5%9C%A8%E5%AE%B6%20%E9%99%88%E5%93%B2%E8%89%BA,新加坡华语作者片代表
213,陈哲艺,男,新加坡,热带雨,2019,剧情,当代,新加坡,男性,第一番位为男性,公开主演表/剧情简介补判为男性第一主角,公开剧情简介、原表来源链接；原表来源：https://movie.douban.com/subject_search?search_text=%E7%83%AD%E5%B8%A6%E9%9B%A8%20%E9%99%88%E5%93%B2%E8%89%BA,https://movie.douban.com/subject_search?search_text=%E7%83%AD%E5%B8%A6%E9%9B%A8%20%E9%99%88%E5%93%B2%E8%89%BA,新加坡华语现实题材代表
214,陈哲艺,男,新加坡,漂流人生,2023,剧情,当代,希腊海岛/难民漂泊空间,男性,第一番位为男性,公开主演表/剧情简介补判为男性第一主角,公开剧情简介、原表来源链接；原表来源：https://movie.douban.com/subject_search?search_text=%E6%BC%82%E6%B5%81%E4%BA%BA%E7%94%9F%20%E9%99%88%E5%93%B2%E8%89%BA,https://movie.douban.com/subject_search?search_text=%E6%BC%82%E6%B5%81%E4%BA%BA%E7%94%9F%20%E9%99%88%E5%93%B2%E8%89%BA,跨国合拍作者片代表
215,陈哲艺,男,新加坡,燃冬,2023,剧情/爱情,当代冬季,吉林延吉,男性,第一番位为男性,公开主演表/剧情简介补判为男性第一主角,公开剧情简介、原表来源链接；原表来源：https://movie.douban.com/subject_search?search_text=%E7%87%83%E5%86%AC%20%E9%99%88%E5%93%B2%E8%89%BA,https://movie.douban.com/subject_search?search_text=%E7%87%83%E5%86%AC%20%E9%99%88%E5%93%B2%E8%89%BA,中国城市青年情感题材代表
216,张吉安,男,马来西亚,南巫,2020,剧情/奇幻,20世纪80年代,马来西亚吉打/泰马边境乡村,男性,第一番位为男性,公开主演表/剧情简介补判为男性第一主角,公开剧情简介、原表来源链接；原表来源：https://movie.douban.com/subject_search?search_text=%E5%8D%97%E5%B7%AB%20%E5%BC%A0%E5%90%89%E5%AE%89,https://movie.douban.com/subject_search?search_text=%E5%8D%97%E5%B7%AB%20%E5%BC%A0%E5%90%89%E5%AE%89,马来西亚华语民俗题材代表
217,张吉安,男,马来西亚,五月雪,2023,剧情/历史,1969年与当代追溯,马来西亚吉隆坡/华人义山,不适用,双主角/群像,剧情简介显示为双主角、多线叙事、系列群像或拼盘结构,公开剧情简介、历史事件资料、原表来源链接；原表来源：https://movie.douban.com/subject_search?search_text=%E4%BA%94%E6%9C%88%E9%9B%AA%20%E5%BC%A0%E5%90%89%E5%AE%89,https://movie.douban.com/subject_search?search_text=%E4%BA%94%E6%9C%88%E9%9B%AA%20%E5%BC%A0%E5%90%89%E5%AE%89,马来西亚华人历史记忆代表
